Item Code,Item Group,Default Unit of Measure,Item Name,Maintain Stock,Brand,Standard Selling Rate,Allow Purchase,Allow Sales,Company (Item Defaults),Default Warehouse (Item Defaults)
Boat-Av1180-BLK,Sound Bar,Nos,Aavante 1180 ( Bar Only) Premium Black,1,boAt,89,1,1,ZEROMAX IMPEX PTE LTD,Stores - ZIPL
Boat-Av1198-BLK,Sound Bar,Nos,Aavante 1198 - 90W (Unified Woofer) Premium Black,1,boAt,149,1,1,ZEROMAX IMPEX PTE LTD,Stores - ZIPL
Boat-Av1200-BLK,Sound Bar,Nos,Aavante 1200 - 80W (Wired Woofer) Premium Black,1,boAt,185,1,1,ZEROMAX IMPEX PTE LTD,Stores - ZIPL
Boat-Av1200N,Sound Bar,Nos,Aavante 1200N - 100W (Wired Woofer) Premium Black,1,boAt,199,1,1,ZEROMAX IMPEX PTE LTD,Stores - ZIPL
Boat-Av503-BLK,Sound Bar,Nos,Aavante 503 - 10W Premium Black Mini,1,boAt,45,1,1,ZEROMAX IMPEX PTE LTD,Stores - ZIPL
Boat-Av553-BLK,Sound Bar,Nos,Aavante 553 - 16W Pitch Black Mini,1,boAt,55,1,1,ZEROMAX IMPEX PTE LTD,Stores - ZIPL
Boat-Av908-BLK,Sound Bar,Nos,Aavante 908 - 30W Premium Black Mini,1,boAt,75,1,1,ZEROMAX IMPEX PTE LTD,Stores - ZIPL
Boat-AvRaga-BLK,Sound Bar,Nos,Aavante Raga - 100W (Unified Woofer) Premium Black,1,boAt,169,1,1,ZEROMAX IMPEX PTE LTD,Stores - ZIPL
Boat-AUX500,Audio,Nos,Boat AUX500 1.5M 3.5mm Audio Cable,1,boAt,6.5,1,1,ZEROMAX IMPEX PTE LTD,Stores - ZIPL
boAt-AD113-BLK,TWS,Nos,boAt Airdopes 113 Black,1,boAt,38,1,1,ZEROMAX IMPEX PTE LTD,Stores - ZIPL
boAt-AD113-BLU,TWS,Nos,boAt Airdopes 113 Blue,1,boAt,38,1,1,ZEROMAX IMPEX PTE LTD,Stores - ZIPL
boAt-AD113-WHI,TWS,Nos,boAt Airdopes 113 White,1,boAt,38,1,1,ZEROMAX IMPEX PTE LTD,Stores - ZIPL
boAt-AD121P-BLK,TWS,Nos,boAt Airdopes 121 Pro Black,1,boAt,36,1,1,ZEROMAX IMPEX PTE LTD,Stores - ZIPL
boAt-AD121P-BlU,TWS,Nos,boAt Airdopes 121 Pro Blue,1,boAt,36,1,1,ZEROMAX IMPEX PTE LTD,Stores - ZIPL
boAt-AD121P-WHI,TWS,Nos,boAt Airdopes 121 Pro White,1,boAt,36,1,1,ZEROMAX IMPEX PTE LTD,Stores - ZIPL
boAt-AD121v2-PIK,TWS,Nos,boAt Airdopes 121 v2 Pink,1,boAt,34,1,1,ZEROMAX IMPEX PTE LTD,Stores - ZIPL
boAt-AD121v2-BLK,TWS,Nos,boAt Airdopes 121v2 Black,1,boAt,34,1,1,ZEROMAX IMPEX PTE LTD,Stores - ZIPL
boAt-AD121v2-BLU,TWS,Nos,boAt Airdopes 121v2 Blue,1,boAt,34,1,1,ZEROMAX IMPEX PTE LTD,Stores - ZIPL
boAt-AD138P-BLK,TWS,Nos,boAt Airdopes 138 Pro Black,1,boAt,36,1,1,ZEROMAX IMPEX PTE LTD,Stores - ZIPL
boAt-AD138P-BLU,TWS,Nos,boAt Airdopes 138 Pro Blue,1,boAt,36,1,1,ZEROMAX IMPEX PTE LTD,Stores - ZIPL
boAt-AD138P-CHR,TWS,Nos,boAt Airdopes 138 Pro Cherry Blossom,1,boAt,36,1,1,ZEROMAX IMPEX PTE LTD,Stores - ZIPL
boAt-AD138P_GRN,TWS,Nos,boAt Airdopes 138 Pro Green,1,boAt,36,1,1,ZEROMAX IMPEX PTE LTD,Stores - ZIPL
boAt-AD138P-WHI,TWS,Nos,boAt Airdopes 138 Pro White,1,boAt,36,1,1,ZEROMAX IMPEX PTE LTD,Stores - ZIPL
boAt-AD141P-BLK,TWS,Nos,boAt Airdopes 141 Pro Black,1,boAt,39,1,1,ZEROMAX IMPEX PTE LTD,Stores - ZIPL
boAt-AD141P_Blue,TWS,Nos,boAt Airdopes 141 Pro Blue,1,boAt,39,1,1,ZEROMAX IMPEX PTE LTD,Stores - ZIPL
boAt-AD161-BLK,TWS,Nos,boAt Airdopes 161 Black,1,boAt,35,1,1,ZEROMAX IMPEX PTE LTD,Stores - ZIPL
boAt-AD161-CSH,TWS,Nos,boAt Airdopes 161 Cool Sapphire,1,boAt,35,1,1,ZEROMAX IMPEX PTE LTD,Stores - ZIPL
boAt-AD161-WHI,TWS,Nos,boAt Airdopes 161 White,1,boAt,35,1,1,ZEROMAX IMPEX PTE LTD,Stores - ZIPL
boAt-AD163-BLK,TWS,Nos,boAt Airdopes 163 Black,1,boAt,36,1,1,ZEROMAX IMPEX PTE LTD,Stores - ZIPL
boAt-AD163-CSH,TWS,Nos,boAt Airdopes 163 Cool Sapphire,1,boAt,36,1,1,ZEROMAX IMPEX PTE LTD,Stores - ZIPL
boAt-AD163-WHI,TWS,Nos,boAt Airdopes 163 White,1,boAt,36,1,1,ZEROMAX IMPEX PTE LTD,Stores - ZIPL
boAt-AD181-BLK,TWS,Nos,boAt Airdopes 181 Black,1,boAt,38,1,1,ZEROMAX IMPEX PTE LTD,Stores - ZIPL
boAt-AD181-BLU,TWS,Nos,boAt Airdopes 181 Blue,1,boAt,38,1,1,ZEROMAX IMPEX PTE LTD,Stores - ZIPL
boAt-AD181-WHI,TWS,Nos,boAt Airdopes 181 White,1,boAt,38,1,1,ZEROMAX IMPEX PTE LTD,Stores - ZIPL
boAt-AD383-BLK,TWS,Nos,boAt Airdopes 383 Black,1,boAt,47,1,1,ZEROMAX IMPEX PTE LTD,Stores - ZIPL
boAt-AD383-BLU,TWS,Nos,boAt Airdopes 383 Blue,1,boAt,47,1,1,ZEROMAX IMPEX PTE LTD,Stores - ZIPL
boAt-AD408-BLK,TWS,Nos,boAt Airdopes 408 Black,1,boAt,45,1,1,ZEROMAX IMPEX PTE LTD,Stores - ZIPL
boAt-AD408-BLU,TWS,Nos,boAt Airdopes 408 Blue,1,boAt,45,1,1,ZEROMAX IMPEX PTE LTD,Stores - ZIPL
boAt-AD408-WHI,TWS,Nos,boAt Airdopes 408 White,1,boAt,45,1,1,ZEROMAX IMPEX PTE LTD,Stores - ZIPL
boAt-AD441P-BLK,TWS,Nos,boAt Airdopes 441 Pro Black,1,boAt,59,1,1,ZEROMAX IMPEX PTE LTD,Stores - ZIPL
boAt-AD441P-RED,TWS,Nos,boAt Airdopes 441 Pro Red,1,boAt,59,1,1,ZEROMAX IMPEX PTE LTD,Stores - ZIPL
boAt-AD441P-WHI,TWS,Nos,boAt Airdopes 441 Pro White,1,boAt,59,1,1,ZEROMAX IMPEX PTE LTD,Stores - ZIPL
boAt-BH228-BLK,Wired Earphone - 3.5mm,Nos,boAt BassHeads 228 WIRED EARPHONES Black,1,boAt,16,1,1,ZEROMAX IMPEX PTE LTD,Stores - ZIPL
boAt-BH228-BLU,Wired Earphone - 3.5mm,Nos,boAt BassHeads 228 WIRED EARPHONES Blue,1,boAt,16,1,1,ZEROMAX IMPEX PTE LTD,Stores - ZIPL
boAt-BH228-RED,Wired Earphone - 3.5mm,Nos,boAt BassHeads 228 WIRED EARPHONES Red,1,boAt,16,1,1,ZEROMAX IMPEX PTE LTD,Stores - ZIPL
boAt-BR558-ARG,Neckband,Nos,boAt Rockerz  558 Neckband Army Green,1,boAt,45,1,1,ZEROMAX IMPEX PTE LTD,Stores - ZIPL
boAt-BR558_BLACK,Neckband,Nos,boAt Rockerz  558 Neckband Black,1,boAt,45,1,1,ZEROMAX IMPEX PTE LTD,Stores - ZIPL
boAt-BR558-RED,Neckband,Nos,boAt Rockerz  558 Neckband Red,1,boAt,45,1,1,ZEROMAX IMPEX PTE LTD,Stores - ZIPL
boAt-BR131P-BLK,Neckband,Nos,boAt Rockerz 131 Pro Neckband Black,1,boAt,37,1,1,ZEROMAX IMPEX PTE LTD,Stores - ZIPL
boAt-BR185P-BLK,Neckband,Nos,boAt Rockerz 185 Pro Neckband Black,1,boAt,26,1,1,ZEROMAX IMPEX PTE LTD,Stores - ZIPL
boAt-BR185P-BLU,Neckband,Nos,boAt Rockerz 185 Pro Neckband Blue,1,boAt,26,1,1,ZEROMAX IMPEX PTE LTD,Stores - ZIPL
boAt-BR185P-GRY,Neckband,Nos,boAt Rockerz 185 Pro Neckband Grey,1,boAt,26,1,1,ZEROMAX IMPEX PTE LTD,Stores - ZIPL
boAt-BR238P-BLK,Neckband,Nos,boAt Rockerz 238 Pro Neckband Black,1,boAt,27,1,1,ZEROMAX IMPEX PTE LTD,Stores - ZIPL
boAt-BR238P-BLU,Neckband,Nos,boAt Rockerz 238 Pro Neckband Blue,1,boAt,27,1,1,ZEROMAX IMPEX PTE LTD,Stores - ZIPL
boAt-BR238P-GRY,Neckband,Nos,boAt Rockerz 238 Pro Neckband Gray,1,boAt,27,1,1,ZEROMAX IMPEX PTE LTD,Stores - ZIPL
boAt-BR238P-RED,Neckband,Nos,boAt Rockerz 238 Pro Neckband Red,1,boAt,27,1,1,ZEROMAX IMPEX PTE LTD,Stores - ZIPL
boAt-BR255P-BLK,Neckband,Nos,boAt Rockerz 255 Pro Neckband Black,1,boAt,29,1,1,ZEROMAX IMPEX PTE LTD,Stores - ZIPL
boAt-BR255P-BLU,Neckband,Nos,boAt Rockerz 255 Pro Neckband Blue,1,boAt,29,1,1,ZEROMAX IMPEX PTE LTD,Stores - ZIPL
boAt-BR255P-GRY,Neckband,Nos,boAt Rockerz 255 Pro Neckband Grey,1,boAt,29,1,1,ZEROMAX IMPEX PTE LTD,Stores - ZIPL
boAt-BR255P-RED,Neckband,Nos,boAt Rockerz 255 Pro Neckband Red,1,boAt,29,1,1,ZEROMAX IMPEX PTE LTD,Stores - ZIPL
boAt-BR258P+-BLK,Neckband,Nos,boAt Rockerz 258 Pro+ Neckband Black,1,boAt,33,1,1,ZEROMAX IMPEX PTE LTD,Stores - ZIPL
boAt-BR258P+-Blue,Neckband,Nos,boAt Rockerz 258 Pro+ Neckband Blue,1,boAt,33,1,1,ZEROMAX IMPEX PTE LTD,Stores - ZIPL
boAt-BR330ANC-BLK,Neckband,Nos,boAt Rockerz 330 ANC Neckband Black,1,boAt,40,1,1,ZEROMAX IMPEX PTE LTD,Stores - ZIPL
boAt-BR330ANC-BLU,Neckband,Nos,boAt Rockerz 330 ANC Neckband Blue,1,boAt,40,1,1,ZEROMAX IMPEX PTE LTD,Stores - ZIPL
boAt-BR330ANC-GRN,Neckband,Nos,boAt Rockerz 330 ANC Neckband Green,1,boAt,40,1,1,ZEROMAX IMPEX PTE LTD,Stores - ZIPL
boAt-BR330ANC-Red,Neckband,Nos,boAt Rockerz 330 ANC Neckband Red,1,boAt,40,1,1,ZEROMAX IMPEX PTE LTD,Stores - ZIPL
boAt-BR330ANC-YEL,Neckband,Nos,boAt Rockerz 330 ANC Neckband Yellow,1,boAt,40,1,1,ZEROMAX IMPEX PTE LTD,Stores - ZIPL
boAt-BR330P-BLK,Neckband,Nos,boAt Rockerz 330 Pro Neckband Black,1,boAt,37,1,1,ZEROMAX IMPEX PTE LTD,Stores - ZIPL
boAt-BR330P-BlU,Neckband,Nos,boAt Rockerz 330 Pro Neckband Blue,1,boAt,37,1,1,ZEROMAX IMPEX PTE LTD,Stores - ZIPL
boAt-BR330P-GRN,Neckband,Nos,boAt Rockerz 330 Pro Neckband Green,1,boAt,37,1,1,ZEROMAX IMPEX PTE LTD,Stores - ZIPL
boAt-BR330P-Red,Neckband,Nos,boAt Rockerz 330 Pro Neckband Red,1,boAt,37,1,1,ZEROMAX IMPEX PTE LTD,Stores - ZIPL
boAt-BR330P-YEL,Neckband,Nos,boAt Rockerz 330 Pro Neckband Yellow,1,boAt,37,1,1,ZEROMAX IMPEX PTE LTD,Stores - ZIPL
boAt-BR333ANC-BLK,Neckband,Nos,boAt Rockerz 333 ANC Neckband Black,1,boAt,40,1,1,ZEROMAX IMPEX PTE LTD,Stores - ZIPL
boAt-BR410-BLKRED,Neckband,Nos,boAt Rockerz 410 Neckband Black-Red,1,boAt,30,1,1,ZEROMAX IMPEX PTE LTD,Stores - ZIPL
boAt-BR410-CBLK,Neckband,Nos,boAt Rockerz 410 Neckband Carbon-Black,1,boAt,30,1,1,ZEROMAX IMPEX PTE LTD,Stores - ZIPL
boAt-BR450R-BGE-BRN,Neckband,Nos,boAt Rockerz 450R Neckband Beige Brown,1,boAt,32,1,1,ZEROMAX IMPEX PTE LTD,Stores - ZIPL
boAt-BR450R-BLK,Neckband,Nos,boAt Rockerz 450R Neckband Black,1,boAt,32,1,1,ZEROMAX IMPEX PTE LTD,Stores - ZIPL
boAt-BR450R-BLU,Neckband,Nos,boAt Rockerz 450R Neckband Blue,1,boAt,32,1,1,ZEROMAX IMPEX PTE LTD,Stores - ZIPL
Boat-de330,PD Cables,Nos,boAt Deuce 330 (2 IN 1) Data Cable,1,boAt,10,1,1,ZEROMAX IMPEX PTE LTD,Stores - ZIPL
Boat-duQc,Car Charger,Nos,boAt Dual Qc-Pd Port Type C Cable Car Charger,1,boAt,15,1,1,ZEROMAX IMPEX PTE LTD,Stores - ZIPL
Boat-flRTL-BLK,Smart Watch,Nos,boAt Flash RTL - Non - Calling Black,1,boAt,65,1,1,ZEROMAX IMPEX PTE LTD,Stores - ZIPL
Boat-flRT-BLU,Smart Watch,Nos,boAt Flash RTL - Non - Calling Blue,1,boAt,65,1,1,ZEROMAX IMPEX PTE LTD,Stores - ZIPL
Boat-flRTL-RED,Smart Watch,Nos,boAt Flash RTL - Non - Calling Red,1,boAt,65,1,1,ZEROMAX IMPEX PTE LTD,Stores - ZIPL
HP-MSD-16GB,Memory Cards,Nos,HP 16GB Micro SD Class 10 100Mbps ,1,HP,5.7,1,1,ZEROMAX IMPEX PTE LTD,Stores - ZIPL
HP-USB20-16GB,USB/Thumb Drive,Nos,HP 16GB V206W USB2.0,1,HP,5.7,1,1,ZEROMAX IMPEX PTE LTD,Stores - ZIPL
HP-MSD-32GB,Memory Cards,Nos,HP 32GB Micro Sd Class10 100MB/s,1,HP,6.1,1,1,ZEROMAX IMPEX PTE LTD,Stores - ZIPL
HP-USB20-32GB,USB/Thumb Drive,Nos,HP 32GB V206W USB2.0,1,HP,6.1,1,1,ZEROMAX IMPEX PTE LTD,Stores - ZIPL
HP-MSDA1-64GB,Memory Cards,Nos,HP 64GB Micro SD A1 U3 V30 Mx330 ,1,HP,12,1,1,ZEROMAX IMPEX PTE LTD,Stores - ZIPL
HP-MSD-64GB,Memory Cards,Nos,HP 64GB Micro Sd Class10 100MB/s ,1,HP,9.5,1,1,ZEROMAX IMPEX PTE LTD,Stores - ZIPL
HP-USB20-64GB,USB/Thumb Drive,Nos,HP 64GB V206W USB2.0,1,HP,9.5,1,1,ZEROMAX IMPEX PTE LTD,Stores - ZIPL
Boat-ltg600,PD Cables,Nos,Boat LTG600 Type C to Lightning Cable,1,boAt,25,1,1,ZEROMAX IMPEX PTE LTD,Stores - ZIPL
Boat-pa208-BLK,PartyBox,Nos,Boat Partypal 208 - 70W Black,1,boAt,169,1,1,ZEROMAX IMPEX PTE LTD,Stores - ZIPL
Boat-pa23-BLK,PartyBox,Nos,Boat Partypal 23 - 15W Black,1,boAt,75,1,1,ZEROMAX IMPEX PTE LTD,Stores - ZIPL
Boat-pa50-BLK,PartyBox,Nos,boAt Partypal 50 - 20W Black,1,boAt,90,1,1,ZEROMAX IMPEX PTE LTD,Stores - ZIPL
Boat-st170-BLK,Bluetooth Speaker,Nos,boAt Stone 170 - 5W Black,1,boAt,35,1,1,ZEROMAX IMPEX PTE LTD,Stores - ZIPL
Boat-st193-BM,Bluetooth Speaker,Nos,boAt Stone 193 Special Edition - 5W Batman,1,boAt,37,1,1,ZEROMAX IMPEX PTE LTD,Stores - ZIPL
Boat-st193-JL,Bluetooth Speaker,Nos,boAt Stone 193 Special Edition - 5W Justice League,1,boAt,37,1,1,ZEROMAX IMPEX PTE LTD,Stores - ZIPL
Boat-st193-WW,Bluetooth Speaker,Nos,boAt Stone 193 Special Edition - 5W Wondar Woman,1,boAt,37,1,1,ZEROMAX IMPEX PTE LTD,Stores - ZIPL
Boat-st358-BLACK,Bluetooth Speaker,Nos,boAt Stone 358 - 10W Black,1,boAt,40,1,1,ZEROMAX IMPEX PTE LTD,Stores - ZIPL
Boat-st650R-BLACK,Bluetooth Speaker,Nos,boAt Stone 650R - 10W Black,1,boAt,45,1,1,ZEROMAX IMPEX PTE LTD,Stores - ZIPL
Boat-st650R-Blue,Bluetooth Speaker,Nos,boAt Stone 650R - 10W Blue,1,boAt,45,1,1,ZEROMAX IMPEX PTE LTD,Stores - ZIPL
Boat-st650R-Red,Bluetooth Speaker,Nos,boAt Stone 650R - 10W Red,1,boAt,45,1,1,ZEROMAX IMPEX PTE LTD,Stores - ZIPL
Boat-stRTL-BLK,Smart Watch,Nos,boAt Storm RTL - Non - Calling Black,1,boAt,65,1,1,ZEROMAX IMPEX PTE LTD,Stores - ZIPL
Boat-stRTL-BLU,Smart Watch,Nos,boAt Storm RTL - Non - Calling Blue,1,boAt,65,1,1,ZEROMAX IMPEX PTE LTD,Stores - ZIPL
Boat-stRTL-GRY,Smart Watch,Nos,boAt Storm RTL - Non - Calling Grey,1,boAt,65,1,1,ZEROMAX IMPEX PTE LTD,Stores - ZIPL
Boat-stRTL-PIK,Smart Watch,Nos,boAt Storm RTL - Non - Calling Pink,1,boAt,65,1,1,ZEROMAX IMPEX PTE LTD,Stores - ZIPL
Boat-stRTL-TEL,Smart Watch,Nos,boAt Storm RTL - Non - Calling Teal,1,boAt,65,1,1,ZEROMAX IMPEX PTE LTD,Stores - ZIPL
Boat-TC-A320,PD Cables,Nos,boAt Type C A320 1.5m 3A Data Cable,1,boAt,10,1,1,ZEROMAX IMPEX PTE LTD,Stores - ZIPL
Boat-TC-A400,PD Cables,Nos,boAt Type C A400 2m 3A Rapid Charging,1,boAt,15,1,1,ZEROMAX IMPEX PTE LTD,Stores - ZIPL
Boat-TC-A750,PD Cables,Nos,boAt Type C A750 1.5m 6.5A charge Flat Cable,1,boAt,12,1,1,ZEROMAX IMPEX PTE LTD,Stores - ZIPL
Boat-TC-C400,PD Cables,Nos,boAt Type C C400 1.5m - 5A 100W (C TO C Cable),1,boAt,15,1,1,ZEROMAX IMPEX PTE LTD,Stores - ZIPL
Boat-us50,PD Cables,Nos,boAt Micro 1.5m 3A Data Cable,1,boAt,7,1,1,ZEROMAX IMPEX PTE LTD,Stores - ZIPL
Boat-us500,PD Cables,Nos,boat Micro  1.5m Metal Braided Cable,1,boAt,10,1,1,ZEROMAX IMPEX PTE LTD,Stores - ZIPL
Boat-WL-BLK,Smart Watch,Nos,Wave Lite - Non - Calling Active Black,1,boAt,44,1,1,ZEROMAX IMPEX PTE LTD,Stores - ZIPL
Boat-WP-BLK,Smart Watch,Nos,Wave Play - Non - Calling Active Black,1,boAt,43,1,1,ZEROMAX IMPEX PTE LTD,Stores - ZIPL
Boat-WlVoice-blk,Smart Watch,Nos,Wave Voice - Bluetooth Calling Charcoal Black,1,boAt,53,1,1,ZEROMAX IMPEX PTE LTD,Stores - ZIPL
Boat-xtend-BLK,Smart Watch,Nos,Xtend RTL - Non - Calling Black,1,boAt,75,1,1,ZEROMAX IMPEX PTE LTD,Stores - ZIPL
Boat-xtend-GLD,Smart Watch,Nos,Xtend RTL - Non - Calling Black-Gold,1,boAt,75,1,1,ZEROMAX IMPEX PTE LTD,Stores - ZIPL
Boat-xtend-CRM,Smart Watch,Nos,Xtend RTL - Non - Calling Cream,1,boAt,75,1,1,ZEROMAX IMPEX PTE LTD,Stores - ZIPL
Boat-xtend-GRN,Smart Watch,Nos,Xtend RTL - Non - Calling Green,1,boAt,75,1,1,ZEROMAX IMPEX PTE LTD,Stores - ZIPL
Boat-XTALK-PIK,Smart Watch,Nos,Xtend Talk - Bluetooth Calling Cherry Blossom,1,boAt,79,1,1,ZEROMAX IMPEX PTE LTD,Stores - ZIPL
Boat-XTALK-BLK,Smart Watch,Nos,Xtend Talk - Bluetooth Calling Pitch Black,1,boAt,79,1,1,ZEROMAX IMPEX PTE LTD,Stores - ZIPL
