"Item Code","ID (Taxes)","Tax Category (Taxes)"
"TCL-SOCL500TWSOBL","c987b68cf6",""
"TCL-SOCL500TWSBL","b121e32a42",""
"TCL-SOCL500TWSOR","e12a2cb7cb",""
"TCL-SOCL500TWSBK","4822d992fb",""
"SDSQUAC-256G-GN6MN","8d20e3998d",""
"JBL-FLIP 6 WHT SPEAKER","c4fa9abe57",""
"JBL-FLIP 6 TEL SPEAKER","efe66896a3",""
"JBL-FLIP 6 RED SPEAKER","013cd9f455",""
"JBL-FLIP 6 PNK SPEAKER","3b0fa8d519",""
"JBL-FLIP 6 GRY SPEAKER","00b1220c9b",""
"JBL-FLIP 6 GRN  SPEAKER","f2a2b3d478",""
"JBL-FLIP 6 BLU SPEAKER","a4f8eba41f",""
"JBL-FLIP 6 BLK SPEAKER","352005b94a",""
"JBL-FLIP ESSENTIAL","fcb7dceb7c",""
"JBL-T115BT-COR","01447e1fa1",""
"JBL-T510BT-ROS","ccb1659a10",""
"JBL-T510BT-WHT","7d4eab0e1c",""
"JBL-T510BT-BLU","6553f3f70e",""
"SDSQUAB-0128G-GN6MN","626ff92bcf",""
"SDCZ73-512G-G46","1a4dd7796e",""
"JBL-T710BT-WHI","7dbdf71a93",""
"PAN-ER-GN30","a95b4c9b5c",""
"PAN-ER-430","6d985179de",""
"PAN-ER-2403","9afeaefbc2",""
"HK-ONYXS8-BLK","c9de851475",""
"JBL-BBOX3-BLK","2d18bbdfbd",""
"JBL-REFFLPRO-TWS-BLK","2c7cc0de50",""
"SDSQUAB-064G-GN6MN","7a502cae4a",""
"JBL-WIRELESS MIC -BLK","13682fe7b3",""
"JBL-TUNE 660NC -BLK","f460643bbe",""
"JBL-XTRM-BLU","1af4abda3d",""
"JBL-CHARGE5-BLU","b25d31c484",""
"JBL-CHARGE5-BLK","45e328f9cd",""
"JBL-T510BT-BLK","3e00b3b707",""
"JBL-XTRM3-GRY","e22586a26c",""
"JBL-FM2-WHITE","c3cf2be76e",""
"MB-MC128KA","8fdf31f8d0",""
"PH-HP-8316","d8cf015e1a",""
"SONY-MDR-EX40LP","6e507a892c",""
"SONY-MDR-E9LP","2be3d2a6b1",""
"SONY-MDR-XB450BVCE","08ba903edc",""
"SONY-MDR-XB450APB","06b4204b87",""
"SONY-MDR-EX15AP","04c838bb8a",""
"SONY-MDR-E11LP/WC","063bda52ad",""
"SONY-MDR-AS400EX","7f2df4aaf4",""
"SONY-MDR-EX100AA","20d3143418",""
"SONY-MDR-EX80LP","47bbcead83",""
"SONY-MDR-EX750APBME","341eb50038",""
"SONY-MDR-EX750AP","290b432e55",""
"SONY-MDR-EX250AP","46230cc357",""
"SONY-MDR-EX150AP","c863d7550b",""
"SONY-MDR-EX110LP","3c805db9f8",""
"SONY-MDR-EX110AP","ea55f1a533",""
"PAN-EH-KA11","52efe20dbc",""
"PH-BHC-010","115ea0511f",""
"PH-BHD-862","18407310fe",""
"PH-BHD-360","739811dafb",""
"PH-BHD-350","df02bfead0",""
"PH-BHD-340","ef8e48634f",""
"PH-BHD-308","269adb5587",""
"PH-BHD-300","f7d3eb55c2",""
"PH-BHC-015","4581631387",""
"PH-HP-8108","7e4ec81d18",""
"PH-BHS-675","e444c5d766",""
"PH-HP-8321","aa4121fa21",""
"SDSQUA4-1TB-GN6MN","6ca97c6788",""
"JBL-PBOX110-BLK","5e5b2b1dc5",""
"JBL-RF-AWARE","ab6cff8a4c",""
"PAN-ER-240","94c89e7346",""
"PAN-ER-206","ca310897b7",""
"PAN-ER-115-KP","4c2b07bcbf",""
"PH-BRT-383/60","ea4a8e1e0a",""
"PH-BRL-130/00","a3dcabbad6",""
"PH-BRE-225/00","5d69efe35d",""
"PH-NT3650/16","a97209a69b",""
"PH-NT1650/16","c6a8df5b72",""
"PH-MG-7735/15","c8a2ae3aca",""
"PH-MG-7720/15","1c34775ba0",""
"JBL-CLIP3","182e390ddb",""
"JB-T15SE-BLK","8e53f6a6a2",""
"JBL-WAVE 200 TWS-PUR","365ac20e47",""
"LMEX1L256GG4","630fbe8959",""
"LMEX1L128GG4","63f129dca6",""
"LMEX1L064GG4","1ba412f9b1",""
"LMEX1L032GG4","808789c2eb",""
"LU301W128GG4","c9b0801709",""
"LU301W064GG4","adf43203de",""
"LU301W032GG4","7f67e11c57",""
"LU301W016GG4","13151720f4",""
"LU202W064GG4","cc3f34e42c",""
"LU202W032GG4","5952b7d38b",""
"LU202W016GG4","500a023ba6",""
"LMEX1L016GG2","0c92335361",""
"SDDDC3-512G-G46","456317b360",""
"BHR4272GL-ORI","bdd19ce7c5",""
"SAM-HF-EO-IA500","b05a79124e",""
"GM-VIVOFIT-JR2","a537c4f2e1",""
"JBL-WAVE 200 TWS-WHT","e9b6f9675a",""
"JBL-WAVE 200 TWS-BLK","23b1ad1cbd",""
"JBL-WAVE 200 TWS-BLU","fa15b9d205",""
"MMTN2FE/A","de59b6703d",""
"MHJF3ZP/A","b1e28a1b62",""
"‎EO-EG920BWEGWW","453c410dc6",""
"EE-UC10JUWEGWW","9cfc8868c8",""
"EE-GN930BWEGWW","84578a71df",""
"EE-I3100FBEGWW","79cd7abc67",""
"EP-DN975BBEGWW","1ed23bdb1d",""
"EP-DG930DWEGWW","242cdc8179",""
"EP-MN930GWEGWW","84d30dc2d7",""
"EJ-PN970BBEGWW","f6b0184a50",""
"EP-L1100NBEGWW","139e86f700",""
"EP-L5300XBEGWW","16fa39c9f1",""
"EO-IC100BBEGWW","a019b1f20c",""
"EP-TA845XWEGGB","f96eb10e45",""
"EP-TA845XBEGGB","f4864c61e2",""
"EP-TA20UBECGGB","27681f7139",""
"EP-TA20UWECGGB","d4aaef6fd6",""
"EP-TA20UBEUGGB","6c22642c4d",""
"EP-TA20UWEUGGB","3d0183df76",""
"EP-TA220NBEGGB","6f811130ac",""
"EP-TA800XBEGGB","1fe21feceb",""
"EP-TA800XWEGGB","1e55227746",""
"EB-U1200CPEGWW","7252365b26",""
"SDSDUNB-016G-GN3IN","ac3674e4bc",""
"JBL-JRPOP-RED","ec9a0b81ba",""
"JBL-WIND3S-BLK","5f2f7ff368",""
"JBL-JRPOP-PUR","fe0a45daf3",""
"JBL-JRPOP-BLU","fca9b84ec1",""
"HK-ONYXS6-BLK","547d9077df",""
"SDSDB-016G-B35","9337c0f006",""
"SDSDB-008G-B35","9627bc72e4",""
"JBL-T110-BLU","9740ec7369",""
"JBL-T110-BLK","12cb0df02a",""
"SG-2TB-Rd","1e86c17d21",""
"SG-2TB-Blu","6530b6ed2e",""
"SG-5TB-SIL","b88dcbc14e",""
"SG-5TB-BLK","b89317355a",""
"SG-4TB-SIL","58184c9a16",""
"SG-4TB-BLK","980a6aa415",""
"SG-2TB-SIL","12b3fa1799",""
"SG-2TB-BLK","73696f5216",""
"SG-1TB-SIL","2847ee57cf",""
"SG-1TB-BLK","3551806c5e",""
"DEN-DP-450USB-BLK","d39c32138b",""
"JBL-BAR51-BLK","2b18be8bea",""
"JBL-PULSE4-WHI","b8feb19ba1",""
"DEN-DL-103R-BLK","14968f3d49",""
"DEN-DP-400F-BLK","36dac99baa",""
"DEN-DP-300F-BLK","33d21b71e4",""
"DEN-DP-29F-BLK","6e1f38b4c0",""
"DEN-DHT-S316-BLK","d222d42a7f",""
"DEN-DHT-S216-BLK","f7807c9315",""
"DEN-DCD-2500NE-SIL","e657770062",""
"DEN-DCD-1600NE-BLK","eaa40da91f",""
"DEN-DCD-800NE-BLK","979e32f87e",""
"DEN-DCD-600NE-BLK","e1410f7d53",""
"DEN-D-T1-BLK","9bc9e3de6c",""
"DEN-M41-SIL","35e87caf96",""
"DEN-M41-BLK","9e034887e7",""
"DEN-CEO-N11-WHI","3b563dccaf",""
"DEN-CEO-N11-BLK","b63837e5d8",""
"DEN-AVC-A110-BLK","287a976df6",""
"DEN-AVC-X8500H-BLK","c790a3f168",""
"DEN-AVC-X6700H-BLK","9ada09b924",""
"DEN-AVC-X4700H-BLK","e744260190",""
"DEN-AVC-X3700H-BLK","b6868dd723",""
"DEN-AVR-X2700H-BLK","4cc202f36a",""
"DEN-AVR-X1600H-BLK","9bb0ddda6c",""
"DEN-AVR-X550BT-BLK","9d298f6de1",""
"DEN-AVR-X250BT-BLK","6294675542",""
"DEN-PMAA110-BLK","5003968e62",""
"DEN-PMA2500NE-SIL","3a396eaf7c",""
"DEN-PMA1600NE-SIL","8c521a974a",""
"DEN-PMA1600NE-BLK","52fdbb0873",""
"DEN-PMA800NE-SIL","357ae9f4f1",""
"DEN-PMA800NE-BLK","af6c40c0b0",""
"DEN-PMA500NE-BLK","5e3041aae4",""
"DEN-DRA800H-BLK","b458c45135",""
"HK-CITA-SRND-BLK","5d9b500c0b",""
"HK-CITA-SUBS-BLK","1398811fe7",""
"HK-CITA-SUB-GRY","9d315cdba8",""
"HK-CITA-SUB-BLK","b2e041c743",""
"HK-CITA-MB700-BLK","2eec547bd8",""
"HK-CITA-BAR-GRY","a47d7069e3",""
"HK-CITA-BAR-BLK","2321a34e89",""
"HK-CITA-500-BLK","99c37e33e7",""
"HK-CITA-300-GRY","2a88dfe624",""
"HK-CITA-300-BLK","69b2c15d1d",""
"HK-CITA-ONE-BLK","ca477f270c",""
"HK-SS4-WHI","09e8b17746",""
"HK-SS4-BLK","2633bfcb91",""
"HK-ONYXS6-GRY","a4d02aee96",""
"HK-ONYXS6-BLU","e20df9d157",""
"HK-NEO-BLK","05b9dcd7c2",""
"HK-NEO-GRY","710392c482",""
"HK-NEO-BLU","84632a7da9",""
"HK-AURAS3-BLK","23d8b78970",""
"HK-FLYTWS-BLK","164fd36702",""
"HK-FLYANC-BLK","c2bd40f4a0",""
"JBL-PARTYENCORE-BLK","269da7d549",""
"JBL-SB160-BLK","b0eff265a5",""
"JBL-SB130-BLK","9f0259dac0",""
"JBL-SB110-BLK","11b9f62896",""
"JBL-BARS-NOIR-BLK","f87b09eeeb",""
"JBL-BARS-BLK","50fee19ab9",""
"JBL-BAR91-BLK","5c5bd585f5",""
"JBL-BAR51IM-BLK","4014e309c5",""
"JBL-BAR50MB-BLK","178751fa60",""
"JBL-BAR31-BLK","b987cb58d7",""
"JBL-BAR21DB-BLK","3ed77d612b",""
"JBL-BAR20-BLK","b4e58ac377",""
"JBL-XTRM3-SQD","8193288ca8",""
"JBL-XTRM3-BLU","66901e968e",""
"JBL-XTRM3-BLK","337b78a447",""
"JBL-XTRM2-SQD","ae125e079d",""
"JBL-XTRM2-GRN","d27fdb73c4",""
"JBL-XTRM2-BLU","c16245ec0c",""
"JBL-XTRM2-BLK","355a1ba4fb",""
"JBL-FM-BLK","29f094700a",""
"JBL-QTM-DUO-BLK","e8f54387d0",""
"JBL-PULSE4-BLK","daabe0ba5c",""
"JBL-PBOX-OTG-BLK","7c2d6b48fe",""
"JBL-PBOX1000-BLK","66ad916efc",""
"JBL-PBOX310-BLK","a8d2cf8910",""
"JBL-PBOX100-BLK","724426e4f9",""
"JBL-HZN2-GRY","41ac7beff7",""
"JBL-HZN2-BLK","803eb79ff6",""
"JBL-GO3-YEL","74e6e4b331",""
"JBL-GO3-WHI","baeb27f15a",""
"JBL-GO3-TEL","5fc26bdb3d",""
"JBL-GO3-RED","02c18f93e6",""
"JBL-GO3-PIK","1518df0d48",""
"JBL-GO3-GRY","61e8989235",""
"JBL-GO3-GRN","342a3dc4b3",""
"JBL-GO3-BLU","83b50a1150",""
"JBL-GO3-BLK","994010866e",""
"JBL-GO2-RED","6cfa704486",""
"JBL-GO2-ORA","0ab5149006",""
"JBL-GO2-NAV","614b981adb",""
"JBL-GO2-MIN","547f286664",""
"JBL-GO2-GRY","8b47f72b1b",""
"JBL-GO2-GRN","1971f66dcf",""
"JBL-GO2-CYN","f9259eda1d",""
"JBL-GO2-CIN","9d4a0b89d7",""
"JBL-GO2-CPG","991f1e52f1",""
"JBL-GO2-BLU","752e5a1665",""
"JBL-GO2-BLK","dd650dbf9e",""
"JBL-FLIP5-EGRN","dee5adf819",""
"JBL-FLIP5-EBLU","9b8e0f9acd",""
"JBL-FLIP5-YEL","c1ce297577",""
"JBL-FLIP5-WHI","a83e3aa596",""
"JBL-FLIP5-TEL","34f0c5634b",""
"JBL-FLIP5-SQD","75e3383e05",""
"JBL-FLIP5-SAN","67090a67e0",""
"JBL-FLIP5-RED","df249c41e5",""
"JBL-FLIP5-PIK","e30141509b",""
"JBL-FLIP5-GRY","6d500ce4f5",""
"JBL-FLIP5-GRN","85642a54a5",""
"JBL-FLIP5-BLU","868d667f1e",""
"JBL-FLIP5-BLK","f34a03ad3b",""
"JBL-CLIP4-YEL","ad5d5da41f",""
"JBL-CLIP4-WHI","c0658fc268",""
"JBL-CLIP4-TEL","d6c50948a1",""
"JBL-CLIP4-RED","8a9ff99a46",""
"JBL-CLIP4-PIK","1d307ee299",""
"JBL-CLIP4-ORA","65ea18d75f",""
"JBL-CLIP4-GRY","e3c8cdff9c",""
"JBL-CLIP4-GRN","471a275a82",""
"JBL-CLIP4-B&P","16d4ed9743",""
"JBL-CLIP4-BLU","8ece1b8710",""
"JBL-CLIP4-B&O","33ba618d97",""
"JBL-CLIP4-BLK","fa787e9b23",""
"JBL-CHARGE4-TEL","91078e9fec",""
"JBL-CHARGE4-RED","2b3986a6c5",""
"JBL-CHARGE4-PIK","2eb33b6c7a",""
"JBL-CHARGE4-GRY","450e68bd5d",""
"JBL-CHARGE4-GRN","583b707cdb",""
"JBL-CHARGE4-BLU","be3c6f07d7",""
"JBL-CHARGE4-BLK","5d786bead3",""
"JBL-BBOX2-SQD","266f06a1bc",""
"JBL-BBOX2-BLK","63f6a8a70d",""
"JBL-UA-STRK-WHI","6e9bb51944",""
"JBL-UA-STRK-TEL","90648fc391",""
"JBL-UA-STRK-RED","be4c44a349",""
"JBL-UA-STRK-BLK","7b184f3c1f",""
"JBL-UA-REACT","4fbce1463f",""
"JBL-UA-PIVOT","27649af26e",""
"JBL-UA-FLEX","6a1a903665",""
"JBL-UA-FLASHX","dd61a30738",""
"JBL-UA-FLASH","f9ae031e64",""
"JBL-T750BTNC-WHI","43a8f40fac",""
"JBL-T750BTNC-CRL","79b822a4fa",""
"JBL-T750BTNC-BLU","cb3228e003",""
"JBL-T750BTNC-BLK","555a37f17a",""
"JBL-T700BT-WHI","d7681a1078",""
"JBL-T700BT-CRL","64161fcf1b",""
"JBL-T700BT-BLU","3933fa9e2d",""
"JBL-T700BT-BLK","b0c5400719",""
"JBL-T600BTNC-WHI","2aeea3e267",""
"JBL-T600BTNC-PIK","54cf87e6b7",""
"JBL-T600BTNC-BLU","3496c57383",""
"JBL-T600BTNC-BLK","a92dbd65d5",""
"JBL-T500BT-WHI","3adca85a8a",""
"JBL-T500BT-PIK","dbb2eb2166",""
"JBL-T500BT-BLU","261aefd7d0",""
"JBL-T500BT-BLK","c2073f70da",""
"JBL-T500-WHI","b4c979011b",""
"JBL-T500-PIK","78d9515357",""
"JBL-T500-BLU","04e618388c",""
"JBL-T500-BLK","4516224956",""
"JBL-T225TWS-GORA","8701011c0b",""
"JBL-T225TWS-GBLK","d1ddb24d8d",""
"JBL-T225TWS-WHI","6e54f82de6",""
"JBL-T225TWS-PIK","b1b33be25f",""
"JBL-T225TWS-GLD","33f966bd4a",""
"JBL-T225TWS-GRY","d5f68bad4f",""
"JBL-T225TWS-BLU","a949771fb3",""
"JBL-T225TWS-BLK","cfe0162651",""
"JBL-T220TWS-WHI","feaa66e4b5",""
"JBL-T220TWS-PIK","909c87b361",""
"JBL-T220TWS-GRY","17ee50c146",""
"JBL-T220TWS-GRN","ace1929390",""
"JBL-T220TWS-BLU","ade969478f",""
"JBL-T220TWS-BLK","f85622efbe",""
"JBL-T215BT-WHI","6c9f4be446",""
"JBL-T215BT-PUR","865d1f189f",""
"JBL-T215BT-GRN","855abeb2f1",""
"JBL-T215BT-CGD","5e4ad3751d",""
"JBL-T215BT-BLU","51dc1a44e7",""
"JBL-T215BT-BLK","a87e1a2a92",""
"JBL-T205BT-SIL","833a67ea5e",""
"JBL-T205BT-RGD","b77b511de1",""
"JBL-T205BT-GRN","1704bae2f4",""
"JBL-T205BT-CGD","dda113ca0c",""
"JBL-T205BT-BLU","71769aa328",""
"JBL-T205BT-BLK","1fcb14f77a",""
"JBL-T125TWS-WHI","7355f18a58",""
"JBL-T125TWS-PIK","910aef1acf",""
"JBL-T125TWS-GRN","914a88118f",""
"JBL-T125TWS-GLD","14153b26ba",""
"JBL-T125TWS-BLU","b16c2bfcb1",""
"JBL-T125TWS-BLK","586aed6ee2",""
"JBL-T115TWS-WHI","4e8078f031",""
"JBL-T115TWS-RED","5046230225",""
"JBL-T115TWS-MNT","7e15f2cf87",""
"JBL-T115TWS-BLK","7c96236e17",""
"JBL-RFMNC-TWS-WHI","58eee8d1ec",""
"JBL-RFMNC-TWS-GRN","11f72d53f6",""
"JBL-RFMNC-TWS-BLU","d9fbbe46ba",""
"JBL-RFMNC-TWS-BLK","2ceca75600",""
"JBL-RFW-TWS-TEL","63234b32ab",""
"JBL-RFW-TWS-GRN","0e4da364d9",""
"JBL-RFW-TWS-BLU","3763461376",""
"JBL-RFW-TWS-BLK","00a1ded035",""
"JBL-QTMONE-BLK","dcfd372983",""
"JBL-QTM800-BLK","113327121c",""
"JBL-QTM600-BLK","bd86f121a2",""
"JBL-QTM400-BLK","6e729bdb58",""
"JBL-QTM300-BLK","d6201c388b",""
"JBL-QTM200-BLK","1186651836",""
"JBL-QTM100-WHI","66457ff696",""
"JBL-QTM100-BLU","870cba6f4e",""
"JBL-QTM100-BLK","5623794458",""
"JBL-QTM50-BLK","606e0f571e",""
"JBL-LIVEPRO-TWS-WHI","634acceaa6",""
"JBL-LIVEPRO-TWS-PIK","da488041d8",""
"JBL-LIVEPRO-TWS-BEI","df7532695b",""
"JBL-LIVEPRO-TWS-BLK","1352650a8b",""
"JBL-LIVE-FREENC+TWS-WHI","43ff2d89f0",""
"JBL-LIVE-FREENC+TWS-ROS","5cb2d93f67",""
"JBL-LIVE-FREENC+TWS-BLU","ff3fdc7c23",""
"JBL-LIVE-FREENC+TWS-BLK","ff5a4faa19",""
"JBL-LIVE-650BTNC-WHI","d3023b58c2",""
"JBL-LIVE-650BTNC-BLU","cae41b2724",""
"JBL-LIVE-650BTNC-BLK","3605975f40",""
"JBL-LIVE-500BT-WHI","5b24e294e7",""
"JBL-LIVE-500BT-RED","5a55bcd817",""
"JBL-LIVE-500BT-GRN","01459c9a98",""
"JBL-LIVE-500BT-BLU","b3d786a01d",""
"JBL-LIVE-500BT-BLK","1e2efb905f",""
"JBL-LIVE-400BT-WHI","e206f3ccc0",""
"JBL-LIVE-400BT-RED","38e235b48d",""
"JBL-LIVE-400BT-GRN","41ed86f600",""
"JBL-LIVE-400BT-BLU","75002a3a07",""
"JBL-LIVE-400BT-BLK","455d2b4135",""
"JBL-LIVE-300TWS-WHI","531467855d",""
"JBL-LIVE-300TWS-BLK","4eeb4fbcd9",""
"JBL-LIVE-300TWS-BLU","bbe9ebccdb",""
"JBL-LIVE-300TWS-PRL","32c445ed8d",""
"JBL-LIVE-25BT-WHI","29ae6fc37c",""
"JBL-LIVE-25BT-RED","c31dcf3331",""
"JBL-LIVE-25BT-BLU","ca57bed3ec",""
"JBL-LIVE-25BT-BLK","d2c2451457",""
"JBL-JR310BT-RED","5a959397e5",""
"JBL-JR310BT-GRN","3b74e97a23",""
"JBL-JR310BT-BLU","28d693c815",""
"JBL-JR310-RED","93eeaae35e",""
"JBL-JR310-BLU","6b5094552c",""
"JBL-JR300BT-TEL","32f2fc08df",""
"JBL-JR300BT-UNO","117164ed52",""
"JBL-JR300BT-PIK","3ac42a653d",""
"JBL-JR300-RED","28f361014e",""
"JBL-JR300-BLU","75b172cdd4",""
"JBL-FREEX-WHI","77434a164b",""
"JBL-FREEX-BLU","9457e50861",""
"JBL-FREEX-BLK","a043617c2a",""
"JBL-EN-SPR-RED","ade22bab52",""
"JBL-EN-SPR-BLU","8364c56f44",""
"JBL-EN-SPR-B&L","3a0b9c8bf8",""
"JBL-EN-SPR-BLK","6ad3117efa",""
"JBL-EN-RUNBT-RED","d98b3faf52",""
"JBL-EN-RUNBT-B&L","2d2ddd0cf8",""
"JBL-EN-RUNBT-BLK","2525394359",""
"JBL-EN-RUN-RED","e867dbb005",""
"JBL-EN-RUN-BLU","6ab514465e",""
"JBL-EN-RUN-B&L","2cdab365dc",""
"JBL-EN-RUN-BLK","4735dbb671",""
"JBL-EN-PEAK-RED","5040b9ec36",""
"JBL-EN-PEAK-BLU","fd8909256d",""
"JBL-EN-PEAK-BLK","d2f5d5a277",""
"JBL-EN-JUMP-RED","df987cb58d",""
"JBL-EN-JUMP-BLU","73d98e4dd0",""
"JBL-EN-JUMP-B&L","62017c39e6",""
"JBL-EN-JUMP-BLK","451dc4ad3c",""
"JBL-EN-DIVE-RED","bb862ae63c",""
"JBL-EN-DIVE-BLU","a74123f195",""
"JBL-EN-DIVE-B&L","a7910ab818",""
"JBL-EN-DIVE-BLK","074610e218",""
"JBL-CLPRO-TWS-BLK","7cf0b2de9f",""
"JBL-CLONE-BLK","5657b171da",""
"JBL-CL950NC-BLK","11000ea099",""
"JBL-CL700BT-BLK","a18cd0dfdf",""
"JBL-C50HI-BLK","0eb7f2eaa9",""
"EB-U1200CSEGWW","408d68cff2",""
"JBL-FLIP4-BLK","032a23257e",""
"SAM-LWY-R170","95fd881b2b",""
"JBL-EJMP-BLK","acf5cfb69d",""
"JB-T45-BLK","82f5de8a51",""
"JB-T35-BLK","57382a3c6c",""
"JB-T15-BLK","cba607fe2e",""
"JBL-T120TWS-GRN","d98971616a",""
"JBL-T115BT-WHI","76ece5c3f8",""
"JBL-T115BT-RED","d06e2d51db",""
"JBL-T115BT-GRY","3ca4adb03c",""
"JBL-T115BT-GRN","8f808c4c84",""
"JBL-T115BT-BLU","59171e3a3b",""
"JBL-T115BT-BLK","bf20b1b95c",""
"JBL-T120TWS-YEL","fdcb5d6812",""
"JBL-T120TWS-WHI","2d31ee6965",""
"JBL-T120TWS-PIK","b194ef3e73",""
"JBL-T120TWS-BLU","b80b4c5bad",""
"JBL-T120TWS-BLK","d4cdff4dbb",""
"JBL-T290-SIL","6fc087bcaf",""
"JBL-T290-RGD","bfb549e476",""
"JBL-T290-BLK","8185c39d60",""
"JBL-T210-RGD","dd18c2565b",""
"JBL-T210-GRY","fbda1afe8e",""
"JBL-T210-BLK","795feef4ee",""
"JBL-T205-RGD","a5231c8975",""
"JBL-T205-CHROM","72561c3841",""
"JBL-T205-CHAMGLD","f5e13d892e",""
"JBL-T205-BLK","13aad00b98",""
"JBL-C150SI-WHI","af68eb80e3",""
"JBL-C150SI-RED","ebb53b1a00",""
"JBL-C150SI-BLK","726a3a6f56",""
"JBL-C100SI-WHI","875e15efd6",""
"JBL-C100SI-RED","0a4f85f571",""
"JBL-C100SI-BLK","acec370ac7",""
"JBL-T110BT-GRN","fda58f6da8",""
"JBL-T110BT-WHI","d3a12d29fd",""
"JBL-T110BT-PIK","f22f5bc839",""
"JBL-T110BT-GRY","1bd8c5bd93",""
"JBL-T110BT-BLU","547810a8ae",""
"JBL-T110BT-BLK","5f1a943f55",""
"JBL-T110-WHI","a96202fc05",""
"JBL-T110-RED","d88296767d",""
"JBL-T110BT-HK","c84f8dbc08",""
"JBL-T110HK","f1c9631ec3",""
"SDSQUNR-016G-GN3MN","ed799c8021",""
"SDDR-F451-GNGNN","bbe06af051",""
"SDDR-A631-GNGNN","fd7a75194f",""
"SDDR-409-G46","a5a6f58dd2",""
"SDDR-399-G46","80cd1175f2",""
"SDDR-299-G46","89b86bd2e2",""
"SDIX90N-256G-GN6NE","3c9fadc728",""
"SDIX90N-128G-GN6NE","600fb9c1b9",""
"SDIX90N-064G-GN6NN","bfe7023211",""
"SDIX90N-032G-GN6NN","d62c9b9c9d",""
"SDIX70N-256G-GN6NE","6ba96fd59e",""
"SDIX70N-128G-GN6NE","8e22a29eb9",""
"SDIX70N-064G-GN6NN","937fdcd85e",""
"SDIX60N-256G-GN6NE","fbb20b87ef",""
"SDIX60N-128G-GN6NE","e77682ad61",""
"SDIX60N-064G-GN6NN","40193c766f",""
"SDIX40N-256G-GN6ND","b30c3ede68",""
"SDIX40N-128G-GN6NE","0beaafef1b",""
"SDIX40N-064G-GN6NN","088a4e0b67",""
"SDIX40N-032G-GN6NN","616cc90814",""
"SDIX30N-064G-PN6NN","91936877e3",""
"SDIX30N-032G-PN6NN","499b919033",""
"SDDDC4-1T00-G46","1e31ffd87c",""
"SDDDC4-512G-G46","ec0cf0fb1c",""
"SDDDC4-256G-G46","3a2dd97ef9",""
"SDDDC4-128G-G46","3b30487b26",""
"SDDDC4-064G-G46","cd89847e5f",""
"SDDDC4-032G-G46","abd44cb36e",""
"SDDDC3-256G-G46G","09cb2d5111",""
"SDDDC3-256G-G46","033d35d77a",""
"SDDDC3-128G-G46PC","2c5b676530",""
"SDDDC3-128G-G46NB","1fdd7ed18a",""
"SDDDC3-128G-G46G","099176c0d2",""
"SDDDC3-128G-G46","fd9dd106e4",""
"SDDDC3-064G-G46PC","1633792f15",""
"SDDDC3-064G-G46NB","c681ce94e9",""
"SDDDC3-064G-G46G","4b9431c8d8",""
"SDDDC3-064G-G46","87c16e4b2c",""
"SDDDC3-032G-G46","65dd48f62c",""
"SDDDC2-256G-G46","d33a127077",""
"SDDDC2-128G-G46","a447d1ce5c",""
"SDDDC2-064G-G46","5a6627c8f6",""
"SDDDC2-032G-G46","2951d73811",""
"SDDD3-256G-G46","34738207af",""
"SDDD3-128G-G46","e556d066b0",""
"SDDD3-064G-G46","442268868f",""
"SDDD3-032G-G46","39893c2d05",""
"SDDD3-016G-G46","cf02338103",""
"SDCZ880-256G-G46","a102c9f6ee",""
"SDCZ880-128G-G46","bf47f77dc0",""
"SDCZ800-128G-G46","7728bd2866",""
"SDCZ800-064G-G46","bfe4da1682",""
"SDCZ74-512G-G46","e4e89f0535",""
"SDCZ74-256G-G46","0f373267a5",""
"SDCZ74-128G-G46","b989db4058",""
"SDCZ74-064G-G46","f9050964bc",""
"SDCZ74-032G-G46","aab5be5c3e",""
"SDCZ74-016G-G46","b696edfce6",""
"SDCZ93-128G-G46","7730307886",""
"SDCZ93-064G-G46","119bb0b78a",""
"SDCZ73-256G-G46","7f9f211882",""
"SDCZ73-128G-G46","9913bb8329",""
"SDCZ73-064G-G46","97c711d18e",""
"SDCZ73-032G-G46","a7fa2abb0b",""
"SDCZ73-016G-G46","5345b00f8e",""
"SDCZ48-256G-U46","35bfc54c35",""
"SDCZ48-128G-U46","a8f61fbd40",""
"SDCZ48-064G-U46","a1ddc85929",""
"SDCZ48-032G-U46","93bf219bc8",""
"SDCZ48-016G-U46","d4f9c346c2",""
"SDCZ430-256G-G46","ccb5058a9e",""
"SDCZ430-128G-G46","ea2d9a4b63",""
"SDCZ430-064G-G46","c4651436fa",""
"SDCZ430-032G-G46","05098dddc3",""
"SDCZ430-016G-G46","954dd5209c",""
"SDCZ600-256G-G35","72c968c9ae",""
"SDCZ600-128G-G35","d6e23d3274",""
"SDCZ600-064G-G35","807fa88430",""
"SDCZ600-032G-G35","6bf974c251",""
"SDCZ600-016G-G35","eadff13ea7",""
"SDCZ60-128G-B35","bc41e01db7",""
"SDCZ60-064G-B35","4a9d0a23fb",""
"SDCZ60-032G-B35","3bbfbaa163",""
"SDCZ60-016G-B35","f003a18300",""
"SDCZ50C-016G-B35W","0efafca7e9",""
"SDCZ50C-016G-B35PE","d2b8ab5e7c",""
"SDCZ50C-016G-B35GE","919c0332c7",""
"SDCZ50C-016G-B35BE","f96945098b",""
"SDCZ50-064G-B35","a4e810e41f",""
"SDCZ50-032G-B35","bf9c58e6a3",""
"SDCZ50-016G-B35","d5886a4699",""
"SDCZ50-008G-B35","2d95c6881d",""
"SDCFE-512G-GN4NN","8bfb3ae1f4",""
"SDCFE-256G-GN4NN","9ac0bbc079",""
"SDCFE-128G-GN4NN","0c236f252f",""
"SDCFE-064G-GN4NN","07cf6df8f1",""
"SDCFXSB-128G-G46","9277a38dbf",""
"SDCFXSB-064G-G46","7dafb9cab9",""
"SDCFXSB-032G-G46","e06f875cdb",""
"SDCFXPS-256G-X46","cd063f6e9e",""
"SDCFXPS-128G-X46","8845f638a9",""
"SDCFXPS-064G-X46","c50a2a5edf",""
"SDCFXPS-032G-X46","bc74ae617e",""
"SDSDXPK-128G-GN4IN","31aa966379",""
"SDSDXPK-064G-GN4IN","0a5f3d03ce",""
"SDSDXPK-032G-GN4IN","5cc0bc452d",""
"SDSDXXG-032G-GN4IN","7e0f721d21",""
"SDSDXV5-256G-GNCIN","639fa5d723",""
"SDSDXV5-128G-GNCIN","95234cffc4",""
"SDSDXV6-064G-GNCIN","2dc28dd5c6",""
"SDSDXVE-032G-GNCIN","d4a975345b",""
"SDSDUNR-256G-GN6IN","ab3c3be2b6",""
"SDSDUNR-128G-GN3IN","3061fd2692",""
"SDSDUNR-064G-GN3IN","0db6a46c54",""
"SDSDUNR-032G-GN3IN","8e502fd519",""
"SDSDUNS-016G-GN3IN","1c3a743b1e",""
"SDSDUNC-016G-GN6IN","3331d9c640",""
"SDSQXCZ-1T00-GN6MA","ede5f611eb",""
"SDSQXCZ-512G-GN6MA","b51711ae06",""
"SDSQXCZ-400G-GN6MA","d26c5c2e63",""
"SDSQXCZ-256G-GN6MA","6d12aa202b",""
"SDSQXCY-128G-GN6MA","31830439e8",""
"SDSQXCY-064G-GN6MA","530f938a4c",""
"SDSQXCG-032G-GN6MA","8bb61de0fb",""
"SDSQXAO-128G-GN6ZY","4d92476c50",""
"SDSQXAO-256G-GNCZN","1008df0e6b",""
"SDSQXAO-128G-GNCZN","c95e48928d",""
"SDSQXAT-064G-GNCZN","8de74f29be",""
"SDSQXA1-128G-GN6AA","2e69357ba5",""
"SDSQXA2-064G-GN6AA","0a11770a10",""
"SDSQXA1-256G-GN6GN","cb90f7b80f",""
"SDSQXA1-128G-GN6GN","5aea26a99a",""
"SDSQXA2-064G-GN6GN","b7a941b3ad",""
"SDSQXA1-1T00-GN6MN","5ba7f6902b",""
"SDSQXA1-512G-GN6MN","9544abc294",""
"SDSQXA1-400G-GN6MN","276a862169",""
"SDSQXA1-256G-GN6MN","21e5fe453b",""
"SDSQXA1-128G-GN6MN","8b26ee8053",""
"SDSQXA2-064G-GN6MN","409b21ef73",""
"SDSQXAF-032G-GN6MN","1eb959b43d",""
"SDSQUA4-512G-GN6MN","284f470b7e",""
"SDSQUA4-400G-GN6MN","c905e2074c",""
"SDSQUA4-256G-GN6MN","b7f29a862f",""
"SDSQUAB-128G-GN6MN","dea51acec1",""
"SDSQUA4-064G-GN6MN","0091596b22",""
"SDSQUA4-032G-GN6MN","820c97a44a",""
"SDSQUAR-016G-GN6MN","000d867602",""
"SDSQUNR-128G-GN3MN","95e9b529c6",""
"SDSQUNR-064G-GN3MN","de8353df06",""
"SDSQUNR-032G-GN3MN","0f43c4ac2a",""
"SDSQQVR-256G-GN6IA","017fdc230f",""
"SDSQQVR-128G-GN6IA","6b1f70c051",""
"SDSQQVR-064G-GN6IA","396bd53881",""
"SDSQQNR-256G-GN6IA","90435da99b",""
"SDSQQNR-128G-GN6IA","a996e293b4",""
"SDSQQNR-064G-GN6IA","d88c86fffc",""
"SDSQQNR-032G-GN6IA","5ea8589ada",""
"SDSDQM-032G-B35","04a7770a15",""
"SDSDQM-016G-B35","24a89923ca",""
"SDSDQM-008G-B35","859add6751",""
