Item Code,Item Group,Default Unit of Measure,Standard Selling Rate,Brand,Allow Purchase,Item Name,Default Warehouse (Item Defaults),Company (Item Defaults),Barcode
880104070056,Plotter,Nos,750,Rockspace,1,Rockspace ZC3 Smart plotter(British Standard/English) ,ZeroMax Warehouse - ZX,ZEROMAX LLP,6941402764944
880104070031,Plotter,Nos,700,Rockspace,1,Rockspace ZC1 Max Smart Protective Film Plotter (American Standard/English),ZeroMax Warehouse - ZX,ZEROMAX LLP,6941402739935
810507000136,Phone Front Film,Nos,52,Rockspace,1,"Rockspace Front Film ?Size:S) Flexible HD 1S Self-healing Film 180MX-01Y,Size:S Pack Qty:20pcs",ZeroMax Warehouse - ZX,ZEROMAX LLP,6941402773137 
810507000148,Phone Front Film,Nos,66,Rockspace,1,"Rockspace Front Film UV Privacy Glass-like Film (1*10pcs) English Version (half-cut) 180FKHZ-01Y (Size:S),Size:S Pack Qty:10pcs",ZeroMax Warehouse - ZX,ZEROMAX LLP,6941402774400 
810507000137,Phone Front Film,Nos,42,Rockspace,1,"Rockspace Front Film (Size: S) UV High Definition Glass-like Film (Half-cut) 180GJZ-01G,Size:S Pack Qty:20pcs",ZeroMax Warehouse - ZX,ZEROMAX LLP,6941402717377 
810507000139,Phone Front Film,Nos,48,Rockspace,1,"Rockspace Front Film (Size: S) UV Matte Glass-like Film (Half-cut) 180MJZ-01G,Size:S Pack Qty:20pcs",ZeroMax Warehouse - ZX,ZEROMAX LLP,6941402717391 
810507000134,Phone Front Film,Nos,52,Rockspace,1,"Rockspace Front Film (Size:S)UV Cured high-definition film 180GB-01Y (Standard Version),Size:S Pack Qty:20pcs",ZeroMax Warehouse - ZX,ZEROMAX LLP,6941402772598 
880107940001,Phone Front Film,Nos,42,Rockspace,1,"Rockspace Front Film Smart Vacuum UV Curing Machine,Size: Pack Qty:1pcs",ZeroMax Warehouse - ZX,ZEROMAX LLP,6941402717360 
810507000018,Phone Front Film,Nos,50,Rockspace,1,"Rockspace Front Film High Definition Flexible Film  (Basic version )180-01J ,Size:S Pack Qty:50pcs",ZeroMax Warehouse - ZX,ZEROMAX LLP,6941402737214
810507000076,Phone Front Film,Nos,48,Rockspace,1,"Rockspace Front Film  Flexible Explosion-proof Film (Regular Version) 180CG-01Y,Size:S Pack Qty:50pcs",ZeroMax Warehouse - ZX,ZEROMAX LLP,6941402762452 
810507000050,Phone Front Film,Nos,82,Rockspace,1,"Rockspace Front Film High Definition Flexible Explosion-proof Film (Standard Version)180BZ-01J,Size:S Pack Qty:50pcs",ZeroMax Warehouse - ZX,ZEROMAX LLP,6941402758271 
810202000060,Phone Front Film,Nos,75,Rockspace,1,"Rockspace Front Film  High Definition Flexible explosion-proof film  (180-01Y Half-cut),Size:S Pack Qty:50pcs",ZeroMax Warehouse - ZX,ZEROMAX LLP,6941402708733
810507000020,Phone Front Film,Nos,48,Rockspace,1,"Rockspace Front Film High Definition Flexible explosion-proof film(195-01Y Half-cut),Size:M Pack Qty:20pcs",ZeroMax Warehouse - ZX,ZEROMAX LLP,6941402737269
810507000151,Phone Front Film,Nos,52,Rockspace,1,"Rockspace Front Film (Size: L mini) Rock Space High Definition Explosion 286-01Y (Only Used for ZC2-Lite/ZC3/ZC3-B Plotter),Size:L mini Pack Qty:10pcs",ZeroMax Warehouse - ZX,ZEROMAX LLP,6941402774820 
810507000022,Phone Front Film,Nos,56,Rockspace,1,"Rockspace Front Film rock space High Definition Explosion-proof Film 290-01Y,Size:L Pack Qty:10pcs",ZeroMax Warehouse - ZX,ZEROMAX LLP,6941402738150
810507000078,Phone Front Film,Nos,33.6,Rockspace,1,"Rockspace Front Film rock space High Definition Explosion-proof Film 410-01Y,Size:XL Pack Qty:3pcs",ZeroMax Warehouse - ZX,ZEROMAX LLP,6941402762735 
810507000118,Phone Front Film,Nos,25.6,Rockspace,1,"Rockspace Front Film Flexible Matte Explosion-proof Film (Regular Version)  180MC-01J,Size:S Pack Qty:20pcs",ZeroMax Warehouse - ZX,ZEROMAX LLP,6941402769031 
810507000098,Phone Front Film,Nos,30,Rockspace,1,"Rockspace Front Film  Flexible Gaming Matte Film 180MS-01Y,Size:S Pack Qty:20pcs",ZeroMax Warehouse - ZX,ZEROMAX LLP,6941402767730 
810507000099,Phone Front Film,Nos,48,Rockspace,1,"Rockspace Front Film  Flexible Gaming Matte Film 195MS-01Y ,Size:M Pack Qty:20pcs",ZeroMax Warehouse - ZX,ZEROMAX LLP,6941402767747 
810507000120,Phone Front Film,Nos,56,Rockspace,1,"Rockspace Front Film Flexible Gaming Matte Film 290MS-01Y,Size:L Pack Qty:10pcs",ZeroMax Warehouse - ZX,ZEROMAX LLP,6941402770181 
810507000131,Phone Front Film,Nos,33.6,Rockspace,1,"Rockspace Front Film (Size:XL)rock space Matte Film 410*290mm 410MS-01Y,Size:XL Pack Qty:3pcs",ZeroMax Warehouse - ZX,ZEROMAX LLP,6941402771997 
810507000117,Phone Front Film,Nos,32.8,Rockspace,1,"Rockspace Front Film Flexible Anti-blue Light Eye Care Film (Standard Version) 180LB-01Y,Size:S Pack Qty:20pcs",ZeroMax Warehouse - ZX,ZEROMAX LLP,6941402769024 
810507000013,Phone Front Film,Nos,40,Rockspace,1,"Rockspace Front Film  Flexible Anti-blue Light Eye Care Film ?Half-Cut?180L-01Y,Size:S Pack Qty:20pcs",ZeroMax Warehouse - ZX,ZEROMAX LLP,6941402736651
810507000032,Phone Front Film,Nos,56,Rockspace,1,"Rockspace Front Film  Flexible Anti-blue Light Eye Care Film 290L-01Y,Size:L Pack Qty:10pcs",ZeroMax Warehouse - ZX,ZEROMAX LLP,6941402748760 
810507000046,Phone Front Film,Nos,36,Rockspace,1,"Rockspace Front Film Flexible Privacy Screen Protector 180F-01Y,Size:S Pack Qty:10pcs",ZeroMax Warehouse - ZX,ZEROMAX LLP,6941402754020 
810507000127,Phone Front Film,Nos,51,Rockspace,1,"Rockspace Front Film Flexible Matte Privacy Film (Standard Version) (1*20pcs) EN (Half-cut)180FB-01Y (Size: S) 71577,Size:S Pack Qty:20pcs",ZeroMax Warehouse - ZX,ZEROMAX LLP,6941402771577 
810607000204,Phone Front Film,Nos,52,Rockspace,1,"Rockspace Front Film  Flexible Antibacterial Explosion-proof Film 180KJ-01Y,Size:S Pack Qty:20pcs",ZeroMax Warehouse - ZX,ZEROMAX LLP,6941402739843 
810302000001,Phone Front Film,Nos,20.8,Rockspace,1,"Rockspace Front Film Magnetic Laptop Privacy Film (HD),Size:13.3 Pack Qty:1pcs",ZeroMax Warehouse - ZX,ZEROMAX LLP,6941402769826 
810302000002,Phone Front Film,Nos,22,Rockspace,1,"Rockspace Front Film Magnetic Laptop Privacy Film (HD),Size:14.2 Pack Qty:1pcs",ZeroMax Warehouse - ZX,ZEROMAX LLP,6941402769833 
810302000003,Phone Front Film,Nos,24.4,Rockspace,1,"Rockspace Front Film Magnetic Laptop Privacy Film (HD),Size:16.2 Pack Qty:1pcs",ZeroMax Warehouse - ZX,ZEROMAX LLP,6941402769840 
810507000101,Phone Front Film,Nos,52,Rockspace,1,"Rockspace Front Film  Flexible Resin High Hardness Film  English Version (Half-cut) 290SZG-01Y ,Size:L Pack Qty:10 pcs",ZeroMax Warehouse - ZX,ZEROMAX LLP,6941402767938 
810607002809 ,Phone Back Film,Nos,9,Rockspace,1,"Rockspace BackFilm Translucent Foil Back Film-180*105mm,Size:S Pack Qty5pcs",ZeroMax Warehouse - ZX,ZEROMAX LLP,6941402771751 
810607002810 ,Phone Back Film,Nos,9,Rockspace,1,"Rockspace BackFilm Translucent Foil Back Film-180*105mm,Size:S Pack Qty5pcs",ZeroMax Warehouse - ZX,ZEROMAX LLP,6941402771768 
810607002811 ,Phone Back Film,Nos,9,Rockspace,1,"Rockspace BackFilm Translucent Foil Back Film-180*105mm,Size:S Pack Qty5pcs",ZeroMax Warehouse - ZX,ZEROMAX LLP,6941402771775 
810607002436 ,Phone Back Film,Nos,9,Rockspace,1,"Rockspace BackFilm Translucent Foil Back Film-180*105mm,Size:S Pack Qty5pcs",ZeroMax Warehouse - ZX,ZEROMAX LLP,6941402768164
810607002437 ,Phone Back Film,Nos,9,Rockspace,1,"Rockspace BackFilm Translucent Foil Back Film-180*105mm,Size:S Pack Qty5pcs",ZeroMax Warehouse - ZX,ZEROMAX LLP,6941402768171
810607002438 ,Phone Back Film,Nos,9,Rockspace,1,"Rockspace BackFilm  Translucent Foil Back Film-180*105mm,Size:S Pack Qty5pcs",ZeroMax Warehouse - ZX,ZEROMAX LLP,6941402768188
810607002439 ,Phone Back Film,Nos,9,Rockspace,1,"Rockspace BackFilm  Translucent Foil Back Film-180*105mm,Size:S Pack Qty5pcs",ZeroMax Warehouse - ZX,ZEROMAX LLP,6941402768195
810607002440 ,Phone Back Film,Nos,9,Rockspace,1,"Rockspace BackFilm  Translucent Foil Back Film-180*105mm,Size:S Pack Qty5pcs",ZeroMax Warehouse - ZX,ZEROMAX LLP,6941402768201 
810607002441 ,Phone Back Film,Nos,9,Rockspace,1,"Rockspace BackFilm  Translucent Foil Back Film-180*105mm,Size:S Pack Qty5pcs",ZeroMax Warehouse - ZX,ZEROMAX LLP,6941402768218 
810607002767 ,Phone Back Film,Nos,9,Rockspace,1,"Rockspace BackFilm  Translucent Foil Back Film-180*105mm,Size:S Pack Qty5pcs",ZeroMax Warehouse - ZX,ZEROMAX LLP,6941402771232 
810607002768 ,Phone Back Film,Nos,9,Rockspace,1,"Rockspace BackFilm  Translucent Foil Back Film-180*105mm,Size:S Pack Qty5pcs",ZeroMax Warehouse - ZX,ZEROMAX LLP,6941402771249 
810607002769 ,Phone Back Film,Nos,9,Rockspace,1,"Rockspace BackFilm  Translucent Foil Back Film-180*105mm,Size:S Pack Qty5pcs",ZeroMax Warehouse - ZX,ZEROMAX LLP,6941402771256 
810607002770 ,Phone Back Film,Nos,9,Rockspace,1,"Rockspace BackFilm  Translucent Foil Back Film-180*105mm,Size:S Pack Qty5pcs",ZeroMax Warehouse - ZX,ZEROMAX LLP,6941402771263 
810607002432 ,Phone Back Film,Nos,7,Rockspace,1,"Rockspace BackFilm  Chromatic Back Film  180*105mm,Size:S Pack Qty5pcs",ZeroMax Warehouse - ZX,ZEROMAX LLP,6941402768225 
810607002433 ,Phone Back Film,Nos,7,Rockspace,1,"Rockspace BackFilm Chromatic Back Film  180*105mm,Size:S Pack Qty5pcs",ZeroMax Warehouse - ZX,ZEROMAX LLP,6941402768232 
810607002434 ,Phone Back Film,Nos,7,Rockspace,1,"Rockspace BackFilm Chromatic Back Film  180*105mm,Size:S Pack Qty5pcs",ZeroMax Warehouse - ZX,ZEROMAX LLP,6941402768249 
810607002435 ,Phone Back Film,Nos,7,Rockspace,1,"Rockspace BackFilm Chromatic Back Film  180*105mm,Size:S Pack Qty5pcs",ZeroMax Warehouse - ZX,ZEROMAX LLP,6941402768256 
810607002531 ,Phone Back Film,Nos,7,Rockspace,1,"Rockspace BackFilm  Chromatic Back Film  180*105mm,Size:S Pack Qty5pcs",ZeroMax Warehouse - ZX,ZEROMAX LLP,6941402769000 
810607002532 ,Phone Back Film,Nos,7,Rockspace,1,"Rockspace BackFilm  Chromatic Back Film  180*105mm,Size:S Pack Qty5pcs",ZeroMax Warehouse - ZX,ZEROMAX LLP,6941402769017 
810607002528 ,Phone Back Film,Nos,9,Rockspace,1,"Rockspace BackFilm   Dark Back Film  180*105mm,Size:S Pack Qty5pcs",ZeroMax Warehouse - ZX,ZEROMAX LLP,6941402768973 
810607002529 ,Phone Back Film,Nos,9,Rockspace,1,"Rockspace BackFilm   Dark Back Film  180*105mm,Size:S Pack Qty5pcs",ZeroMax Warehouse - ZX,ZEROMAX LLP,6941402768980 
810607002530 ,Phone Back Film,Nos,9,Rockspace,1,"Rockspace BackFilm   Dark Back Film  180*105mm,Size:S Pack Qty5pcs",ZeroMax Warehouse - ZX,ZEROMAX LLP,6941402768997 
810607002633 ,Phone Back Film,Nos,10,Rockspace,1,"Rockspace BackFilm Carbon Fiber Back Film 195*125mm,Size:M Pack Qty5pcs",ZeroMax Warehouse - ZX,ZEROMAX LLP,6941402770198 
810607002944 ,Phone Back Film,Nos,10,Rockspace,1,"Rockspace BackFilm ViVid Back Film 180*105mm,Size:S Pack Qty5pcs",ZeroMax Warehouse - ZX,ZEROMAX LLP,6941402774523 
810607002945 ,Phone Back Film,Nos,10,Rockspace,1,"Rockspace BackFilm ViVid Back Film 180*105mm,Size:S Pack Qty5pcs",ZeroMax Warehouse - ZX,ZEROMAX LLP,6941402774530 
810607002946 ,Phone Back Film,Nos,10,Rockspace,1,"Rockspace BackFilm ViVid Back Film 180*105mm,Size:S Pack Qty5pcs",ZeroMax Warehouse - ZX,ZEROMAX LLP,6941402774547 
810607002842 ,Phone Back Film,Nos,10,Rockspace,1,"Rockspace BackFilm ViVid Back Film 180*105mm,Size:S Pack Qty5pcs",ZeroMax Warehouse - ZX,ZEROMAX LLP,6941402772543 
810607002843 ,Phone Back Film,Nos,10,Rockspace,1,"Rockspace BackFilm ViVid Back Film 180*105mm,Size:S Pack Qty5pcs",ZeroMax Warehouse - ZX,ZEROMAX LLP,6941402772550 
810607002844 ,Phone Back Film,Nos,10,Rockspace,1,"Rockspace BackFilm ViVid Back Film 180*105mm,Size:S Pack Qty5pcs",ZeroMax Warehouse - ZX,ZEROMAX LLP,6941402772567 
810607002870 ,Phone Back Film,Nos,10,Rockspace,1,"Rockspace BackFilm ViVid Back Film 180*105mm,Size:S Pack Qty5pcs",ZeroMax Warehouse - ZX,ZEROMAX LLP,6941402772758 
810607002871 ,Phone Back Film,Nos,10,Rockspace,1,"Rockspace BackFilm ViVid Back Film 180*105mm,Size:S Pack Qty5pcs",ZeroMax Warehouse - ZX,ZEROMAX LLP,6941402772765 
810607002826 ,Phone Back Film,Nos,10,Rockspace,1,"Rockspace BackFilm ViVid Back Film 180*105mm,Size:S Pack Qty5pcs",ZeroMax Warehouse - ZX,ZEROMAX LLP,6941402772062 
810607002829 ,Phone Back Film,Nos,10,Rockspace,1,"Rockspace BackFilm ViVid Back Film 180*105mm,Size:S Pack Qty5pcs",ZeroMax Warehouse - ZX,ZEROMAX LLP,6941402772093 
810607002830 ,Phone Back Film,Nos,10,Rockspace,1,"Rockspace BackFilm ViVid Back Film 180*105mm,Size:S Pack Qty5pcs",ZeroMax Warehouse - ZX,ZEROMAX LLP,6941402772109 
810607002695 ,Phone Back Film,Nos,10,Rockspace,1,"Rockspace BackFilm ViVid Back Film 180*105mm,Size:S Pack Qty5pcs",ZeroMax Warehouse - ZX,ZEROMAX LLP,6941402770730 
810607002696 ,Phone Back Film,Nos,10,Rockspace,1,"Rockspace BackFilm ViVid Back Film 180*105mm,Size:S Pack Qty5pcs",ZeroMax Warehouse - ZX,ZEROMAX LLP,6941402770747 
810607002697 ,Phone Back Film,Nos,10,Rockspace,1,"Rockspace BackFilm ViVid Back Film 180*105mm,Size:S Pack Qty5pcs",ZeroMax Warehouse - ZX,ZEROMAX LLP,6941402770754 
810607002698 ,Phone Back Film,Nos,10,Rockspace,1,"Rockspace BackFilm ViVid Back Film 180*105mm,Size:S Pack Qty5pcs",ZeroMax Warehouse - ZX,ZEROMAX LLP,6941402770761 
810607002699 ,Phone Back Film,Nos,10,Rockspace,1,"Rockspace BackFilm ViVid Back Film 180*105mm,Size:S Pack Qty5pcs",ZeroMax Warehouse - ZX,ZEROMAX LLP,6941402770778 
810607001697 ,Phone Back Film,Nos,8,Rockspace,1,"Rockspace BackFilm Translucent Geometric Back Film 180*105mm,Size:S Pack Qty5pcs",ZeroMax Warehouse - ZX,ZEROMAX LLP,6941402761110 
810607001699 ,Phone Back Film,Nos,8,Rockspace,1,"Rockspace BackFilm Translucent Geometric Back Film 180*105mm,Size:S Pack Qty5pcs",ZeroMax Warehouse - ZX,ZEROMAX LLP,6941402761134 
810607001700 ,Phone Back Film,Nos,8,Rockspace,1,"Rockspace BackFilm Translucent Geometric Back Film 180*105mm,Size:S Pack Qty5pcs",ZeroMax Warehouse - ZX,ZEROMAX LLP,6941402761141 
810607002216 ,Phone Back Film,Nos,9,Rockspace,1,"Rockspace BackFilm Translucent Geometric Back Film 180*105mm,Size:S Pack Qty5pcs",ZeroMax Warehouse - ZX,ZEROMAX LLP,6941402765699 
810607002217 ,Phone Back Film,Nos,9,Rockspace,1,"Rockspace BackFilm Translucent Geometric Back Film 180*105mm,Size:S Pack Qty5pcs",ZeroMax Warehouse - ZX,ZEROMAX LLP,6941402765705 
810607002218 ,Phone Back Film,Nos,9,Rockspace,1,"Rockspace BackFilm Translucent Geometric Back Film 180*105mm,Size:S Pack Qty5pcs",ZeroMax Warehouse - ZX,ZEROMAX LLP,6941402765712 
810607002710 ,Phone Back Film,Nos,9,Rockspace,1,"Rockspace BackFilm Translucent Geometric Back Film 180*105mm,Size:S Pack Qty5pcs",ZeroMax Warehouse - ZX,ZEROMAX LLP,6941402770853 
810607002711 ,Phone Back Film,Nos,9,Rockspace,1,"Rockspace BackFilm Translucent Geometric Back Film 180*105mm,Size:S Pack Qty5pcs",ZeroMax Warehouse - ZX,ZEROMAX LLP,6941402770860 
810607002712 ,Phone Back Film,Nos,9,Rockspace,1,"Rockspace BackFilm Translucent Geometric Back Film 180*105mm,Size:S Pack Qty5pcs",ZeroMax Warehouse - ZX,ZEROMAX LLP,6941402770877 
810607002713 ,Phone Back Film,Nos,9,Rockspace,1,"Rockspace BackFilm Translucent Geometric Back Film 180*105mm,Size:S Pack Qty5pcs",ZeroMax Warehouse - ZX,ZEROMAX LLP,6941402770884 
810607002714 ,Phone Back Film,Nos,10,Rockspace,1,"Rockspace BackFilm Translucent Geometric Back Film 195*125mm,Size:M Pack Qty5pcs",ZeroMax Warehouse - ZX,ZEROMAX LLP,6941402770891 
810607002715 ,Phone Back Film,Nos,10,Rockspace,1,"Rockspace BackFilm Translucent Geometric Back Film 195*125mm,Size:M Pack Qty5pcs",ZeroMax Warehouse - ZX,ZEROMAX LLP,6941402770907 
810607002716 ,Phone Back Film,Nos,10,Rockspace,1,"Rockspace BackFilm Translucent Geometric Back Film 195*125mm,Size:M Pack Qty5pcs",ZeroMax Warehouse - ZX,ZEROMAX LLP,6941402770914 
810607002717 ,Phone Back Film,Nos,10,Rockspace,1,"Rockspace BackFilm Translucent Geometric Back Film 195*125mm,Size:M Pack Qty5pcs",ZeroMax Warehouse - ZX,ZEROMAX LLP,6941402770921 
810607001706 ,Phone Back Film,Nos,9,Rockspace,1,"Rockspace BackFilm Translucent Geometric Back Film 195*125mm,Size:M Pack Qty5pcs",ZeroMax Warehouse - ZX,ZEROMAX LLP,6941402761202 
810607001707 ,Phone Back Film,Nos,9,Rockspace,1,"Rockspace BackFilm Translucent Geometric Back Film 195*125mm,Size:M Pack Qty5pcs",ZeroMax Warehouse - ZX,ZEROMAX LLP,6941402761219 
810607001469 ,Phone Back Film,Nos,9,Rockspace,1,"Rockspace BackFilm Translucent Geometric Back Film 195*125mm,Size:M Pack Qty5pcs",ZeroMax Warehouse - ZX,ZEROMAX LLP,6941402759643 
810607001470 ,Phone Back Film,Nos,9,Rockspace,1,"Rockspace BackFilm Translucent Geometric Back Film 195*125mm,Size:M Pack Qty5pcs",ZeroMax Warehouse - ZX,ZEROMAX LLP,6941402759650 
810607002822 ,Phone Back Film,Nos,8,Rockspace,1,"Rockspace BackFilm (Size:S)rock space Splendid Back Film 180*105mm,Size:S Pack Qty5pcs",ZeroMax Warehouse - ZX,ZEROMAX LLP,6941402772024 
810607002823 ,Phone Back Film,Nos,8,Rockspace,1,"Rockspace BackFilm (Size:S)rock space Splendid Back Film 180*105mm,Size:S Pack Qty5pcs",ZeroMax Warehouse - ZX,ZEROMAX LLP,6941402772031 
810607002824 ,Phone Back Film,Nos,8,Rockspace,1,"Rockspace BackFilm (Size:S)rock space Splendid Back Film 180*105mm,Size:S Pack Qty5pcs",ZeroMax Warehouse - ZX,ZEROMAX LLP,6941402772048 
810607002825 ,Phone Back Film,Nos,8,Rockspace,1,"Rockspace BackFilm (Size:S)rock space Splendid Back Film 180*105mm,Size:S Pack Qty5pcs",ZeroMax Warehouse - ZX,ZEROMAX LLP,6941402772055 
810607002783,Phone Back Film,Nos,8,Rockspace,1,"Rockspace BackFilm Splendid Back Film 180*105mm,Size:S Pack Qty5pcs",ZeroMax Warehouse - ZX,ZEROMAX LLP,6941402771478
810607002788,Phone Back Film,Nos,8,Rockspace,1,"Rockspace BackFilm Splendid Back Film 180*105mm,Size:S Pack Qty5pcs",ZeroMax Warehouse - ZX,ZEROMAX LLP,6941402771522 
810607002868 ,Phone Back Film,Nos,8,Rockspace,1,"Rockspace BackFilm Splendid Back Film 180*105mm,Size:S Pack Qty5pcs",ZeroMax Warehouse - ZX,ZEROMAX LLP,6941402772734 
810607002700 ,Phone Back Film,Nos,8,Rockspace,1,"Rockspace BackFilm Splendid Back Film 180*105mm,Size:S Pack Qty5pcs",ZeroMax Warehouse - ZX,ZEROMAX LLP,6941402770785 
810607002702 ,Phone Back Film,Nos,8,Rockspace,1,"Rockspace BackFilm Splendid Back Film 180*105mm,Size:S Pack Qty5pcs",ZeroMax Warehouse - ZX,ZEROMAX LLP,6941402770808 
810607002703 ,Phone Back Film,Nos,8,Rockspace,1,"Rockspace BackFilm Splendid Back Film 180*105mm,Size:S Pack Qty5pcs",ZeroMax Warehouse - ZX,ZEROMAX LLP,6941402770815 
810607002704 ,Phone Back Film,Nos,8,Rockspace,1,"Rockspace BackFilm Splendid Back Film 180*105mm,Size:S Pack Qty5pcs",ZeroMax Warehouse - ZX,ZEROMAX LLP,6941402770822 
810607001425 ,Phone Back Film,Nos,12,Rockspace,1,"Rockspace BackFilm Luxury Foil Back Film 195*125mm,Size:M Pack Qty5pcs",ZeroMax Warehouse - ZX,ZEROMAX LLP,6941402758929
810607001426 ,Phone Back Film,Nos,12,Rockspace,1,"Rockspace BackFilm Luxury Foil Back Film 195*125mm,Size:M Pack Qty5pcs",ZeroMax Warehouse - ZX,ZEROMAX LLP,6941402758936
810607001427 ,Phone Back Film,Nos,12,Rockspace,1,"Rockspace BackFilm Luxury Foil Back Film 195*125mm,Size:M Pack Qty5pcs",ZeroMax Warehouse - ZX,ZEROMAX LLP,6941402758943
810607001429 ,Phone Back Film,Nos,12,Rockspace,1,"Rockspace BackFilm Luxury Foil Back Film 195*125mm,Size:M Pack Qty5pcs",ZeroMax Warehouse - ZX,ZEROMAX LLP,6941402758967
810607001431 ,Phone Back Film,Nos,12,Rockspace,1,"Rockspace BackFilm Luxury Foil Back Film 195*125mm,Size:M Pack Qty5pcs",ZeroMax Warehouse - ZX,ZEROMAX LLP,6941402758981
810607001432 ,Phone Back Film,Nos,12,Rockspace,1,"Rockspace BackFilm Luxury Foil Back Film 195*125mm,Size:M Pack Qty5pcs",ZeroMax Warehouse - ZX,ZEROMAX LLP,6941402758998
810607001433 ,Phone Back Film,Nos,12,Rockspace,1,"Rockspace BackFilm Luxury Foil Back Film 195*125mm,Size:M Pack Qty5pcs",ZeroMax Warehouse - ZX,ZEROMAX LLP,6941402759001
810607001434 ,Phone Back Film,Nos,12,Rockspace,1,"Rockspace BackFilm Luxury Foil Back Film 195*125mm,Size:M Pack Qty5pcs",ZeroMax Warehouse - ZX,ZEROMAX LLP,6941402759018
810607002939 ,Phone Back Film,Nos,10,Rockspace,1,"Rockspace BackFilm (Size:S)Translucent Back Film 180*105mm,Size:S Pack Qty5pcs",ZeroMax Warehouse - ZX,ZEROMAX LLP,6941402774479 
810607002940 ,Phone Back Film,Nos,10,Rockspace,1,"Rockspace BackFilm (Size:S)Translucent Back Film 180*105mm,Size:S Pack Qty5pcs",ZeroMax Warehouse - ZX,ZEROMAX LLP,6941402774486 
810607002941 ,Phone Back Film,Nos,10,Rockspace,1,"Rockspace BackFilm (Size:S)Translucent Back Film 180*105mm,Size:S Pack Qty5pcs",ZeroMax Warehouse - ZX,ZEROMAX LLP,6941402774493 
810607002942 ,Phone Back Film,Nos,10,Rockspace,1,"Rockspace BackFilm (Size:S)Translucent Back Film 180*105mm,Size:S Pack Qty5pcs",ZeroMax Warehouse - ZX,ZEROMAX LLP,6941402774509 
810607002943 ,Phone Back Film,Nos,10,Rockspace,1,"Rockspace BackFilm (Size:S)Translucent Back Film 180*105mm,Size:S Pack Qty5pcs",ZeroMax Warehouse - ZX,ZEROMAX LLP,6941402774516 
810607002845 ,Phone Back Film,Nos,10,Rockspace,1,"Rockspace BackFilm (Size:S)Translucent Back Film 180*105mm,Size:S Pack Qty5pcs",ZeroMax Warehouse - ZX,ZEROMAX LLP,6941402772574 
810607002846 ,Phone Back Film,Nos,10,Rockspace,1,"Rockspace BackFilm (Size:S)Translucent Back Film 180*105mm,Size:S Pack Qty5pcs",ZeroMax Warehouse - ZX,ZEROMAX LLP,6941402772574 
810607002827 ,Phone Back Film,Nos,10,Rockspace,1,"Rockspace BackFilm Translucent Embossing Back Film 180*105mm,Size:S Pack Qty5pcs",ZeroMax Warehouse - ZX,ZEROMAX LLP,6941402772079 
810607002828 ,Phone Back Film,Nos,10,Rockspace,1,"Rockspace BackFilm Translucent Embossing Back Film 180*105mm,Size:S Pack Qty5pcs",ZeroMax Warehouse - ZX,ZEROMAX LLP,6941402772086 
810607002806 ,Phone Back Film,Nos,10,Rockspace,1,"Rockspace BackFilm Translucent Embossing Back Film 180*105mm,Size:S Pack Qty5pcs",ZeroMax Warehouse - ZX,ZEROMAX LLP,6941402771720 
810607002807 ,Phone Back Film,Nos,10,Rockspace,1,"Rockspace BackFilm Translucent Embossing Back Film 180*105mm,Size:S Pack Qty5pcs",ZeroMax Warehouse - ZX,ZEROMAX LLP,6941402771737 
810607002808 ,Phone Back Film,Nos,10,Rockspace,1,"Rockspace BackFilm Translucent Embossing Back Film 180*105mm,Size:S Pack Qty5pcs",ZeroMax Warehouse - ZX,ZEROMAX LLP,6941402771744 
810607002784 ,Phone Back Film,Nos,10,Rockspace,1,"Rockspace BackFilm Translucent Embossing Back Film 180*105mm,Size:S Pack Qty5pcs",ZeroMax Warehouse - ZX,ZEROMAX LLP,6941402771485
810607002785 ,Phone Back Film,Nos,10,Rockspace,1,"Rockspace BackFilm Translucent Embossing Back Film 180*105mm,Size:S Pack Qty5pcs",ZeroMax Warehouse - ZX,ZEROMAX LLP,6941402771492
810607002786 ,Phone Back Film,Nos,10,Rockspace,1,"Rockspace BackFilm Translucent Embossing Back Film 180*105mm,Size:S Pack Qty5pcs",ZeroMax Warehouse - ZX,ZEROMAX LLP,6941402771508
810607002787 ,Phone Back Film,Nos,10,Rockspace,1,"Rockspace BackFilm Translucent Embossing Back Film 180*105mm,Size:S Pack Qty5pcs",ZeroMax Warehouse - ZX,ZEROMAX LLP,6941402771515
810607001042 ,Phone Back Film,Nos,10,Rockspace,1,"Rockspace BackFilm Translucent Embossing Back Film 180*105mm,Size:S Pack Qty5pcs",ZeroMax Warehouse - ZX,ZEROMAX LLP,6941402754235 
810607001044 ,Phone Back Film,Nos,10,Rockspace,1,"Rockspace BackFilm Translucent Embossing Back Film 180*105mm,Size:S Pack Qty5pcs",ZeroMax Warehouse - ZX,ZEROMAX LLP,6941402754259 
810607001045 ,Phone Back Film,Nos,10,Rockspace,1,"Rockspace BackFilm Translucent Embossing Back Film 180*105mm,Size:S Pack Qty5pcs",ZeroMax Warehouse - ZX,ZEROMAX LLP,6941402754266 
810607001052 ,Phone Back Film,Nos,10,Rockspace,1,"Rockspace BackFilm Translucent Embossing Back Film 180*105mm,Size:S Pack Qty5pcs",ZeroMax Warehouse - ZX,ZEROMAX LLP,6941402754334 
810607000250 ,Phone Back Film,Nos,17,Rockspace,1,"Rockspace BackFilm  Vivid Back Film (290*225mm) ,Size:L Pack Qty3pcs",ZeroMax Warehouse - ZX,ZEROMAX LLP,6941402742591 
810607000557 ,Phone Back Film,Nos,17,Rockspace,1,"Rockspace BackFilm  Vivid Back Film (290*225mm) ,Size:L Pack Qty3pcs",ZeroMax Warehouse - ZX,ZEROMAX LLP,6941402746759
810607000559 ,Phone Back Film,Nos,17,Rockspace,1,"Rockspace BackFilm  Vivid Back Film (290*225mm) ,Size:L Pack Qty3pcs",ZeroMax Warehouse - ZX,ZEROMAX LLP,6941402746773
810607001558 ,Phone Back Film,Nos,18,Rockspace,1,"Rockspace BackFilm Luxury Foil Back Film 290*225mm,Size:L Pack Qty3pcs",ZeroMax Warehouse - ZX,ZEROMAX LLP,6941402760601 
810607002617 ,Phone Back Film,Nos,19,Rockspace,1,"Rockspace BackFilm Translucent Embossing Back Film 290*225mm,Size:L Pack Qty3pcs",ZeroMax Warehouse - ZX,ZEROMAX LLP,6941402769536 
810607002618 ,Phone Back Film,Nos,19,Rockspace,1,"Rockspace BackFilm Translucent Embossing Back Film 290*225mm,Size:L Pack Qty3pcs",ZeroMax Warehouse - ZX,ZEROMAX LLP,6941402769543 
810607002619 ,Phone Back Film,Nos,19,Rockspace,1,"Rockspace BackFilm Translucent Embossing Back Film 290*225mm,Size:L Pack Qty3pcs",ZeroMax Warehouse - ZX,ZEROMAX LLP,6941402769550 
810607001563 ,Phone Back Film,Nos,35,Rockspace,1,"Rockspace BackFilm Translucent Embossing Back Film  410*290mm,Size:XL Pack Qty3pcs",ZeroMax Warehouse - ZX,ZEROMAX LLP,6941402760656 
810607001564 ,Phone Back Film,Nos,35,Rockspace,1,"Rockspace BackFilm Translucent Embossing Back Film  410*290mm,Size:XL Pack Qty3pcs",ZeroMax Warehouse - ZX,ZEROMAX LLP,6941402760663 
810607002620 ,Phone Back Film,Nos,36,Rockspace,1,"Rockspace BackFilm Translucent Embossing Back Film  410*290mm,Size:XL Pack Qty3pcs",ZeroMax Warehouse - ZX,ZEROMAX LLP,6941402769567 
810607002622 ,Phone Back Film,Nos,36,Rockspace,1,"Rockspace BackFilm Translucent Embossing Back Film  410*290mm,Size:XL Pack Qty3pcs",ZeroMax Warehouse - ZX,ZEROMAX LLP,6941402769581 
810607001566 ,Phone Back Film,Nos,35,Rockspace,1,"Rockspace BackFilm Luxury Foil Back Film 290*225mm,Size:XL Pack Qty3pcs",ZeroMax Warehouse - ZX,ZEROMAX LLP,6941402760687 
880206020004 ,Plotter Accessories,Nos,26,Rockspace,1,Rockspace UV Curing Lamp RCL1001 (10W),ZeroMax Warehouse - ZX,ZEROMAX LLP,6941402762889
811007000002 ,Plotter Accessories,Nos,18,Rockspace,1,Rockspace rock space Heating Pen for Film Installation (5 pcs) 75414,ZeroMax Warehouse - ZX,ZEROMAX LLP,6941402775414
880202070035 ,Plotter Accessories,Nos,16,Rockspace,1,Rockspace ZC1/ZC1 Max/ZC3/ZC2-Lite UV Blade (1pcs) 70983 (Rose Gold),ZeroMax Warehouse - ZX,ZEROMAX LLP,6941402770983
880202070039 ,Plotter Accessories,Nos,16,Rockspace,1,Rockspace ZC2/C180/C210/C180B UV Blade (1pcs) 74431 (Black),ZeroMax Warehouse - ZX,ZEROMAX LLP,6941402774431
880202070025 ,Plotter Accessories,Nos,20,Rockspace,1,Rockspace ZC1?Blade 1pcs (upgraded) + Adhesive tape (uv),ZeroMax Warehouse - ZX,ZEROMAX LLP,6941402765828
880202070033 ,Plotter Accessories,Nos,47,Rockspace,1,Rockspace ZC2-lite?Blade 3packs (upgraded) + Adhesive tape (uv),ZeroMax Warehouse - ZX,ZEROMAX LLP,6941402768331
880202070029 ,Plotter Accessories,Nos,47,Rockspace,1,Rockspace ZC2 ?Blade 3pcs (upgraded) + Adhesive tape (uv),ZeroMax Warehouse - ZX,ZEROMAX LLP,6941402766627
880202020007 ,Plotter Accessories,Nos,31,Rockspace,1,Rockspace  ZC1/ZC1-A?Blade housing for ZC1/ZC1-A Plotter   ,ZeroMax Warehouse - ZX,ZEROMAX LLP,6941402710804
880202070034 ,Plotter Accessories,Nos,16,Rockspace,1,Rockspace ZC3/ZC3-B blade housing ,ZeroMax Warehouse - ZX,ZEROMAX LLP,6941402768577
880201070010 ,Plotter Accessories,Nos,4,Rockspace,1,Rockspace Plotter Non-slip Mat,ZeroMax Warehouse - ZX,ZEROMAX LLP,6941402745929
810201000435 ,Plotter Accessories,Nos,3,Rockspace,1,Rockspace Scratch card for C180/ C210/ ZC1/ZC1-A Plotter (5 packs)   ,ZeroMax Warehouse - ZX,ZEROMAX LLP,6941402715175
880206070160 ,Plotter Accessories,Nos,2,Rockspace,1,Rockspace Large scratch card for laptop,ZeroMax Warehouse - ZX,ZEROMAX LLP,6941402763770
810201000436 ,Plotter Accessories,Nos,5,Rockspace,1,Rockspace Screen Cleanser,ZeroMax Warehouse - ZX,ZEROMAX LLP,6941402715182
810201000438 ,Plotter Accessories,Nos,2,Rockspace,1,Rockspace Screen cleaning cloth 5,ZeroMax Warehouse - ZX,ZEROMAX LLP,6941402715359
880101020011 ,Heat Transfer,Nos,580,Rockspace,1,Rockspace HT  Heat Transfer Machine 220V 71782 Material: Pack Qty:1pcs,ZeroMax Warehouse - ZX,ZEROMAX LLP,880101020011 
880207020001 ,Heat Transfer,Nos,450,Rockspace,1,Rockspace HT  Epson L8058 Heat Transfer Printer 73199 Material: Pack Qty:1pcs,ZeroMax Warehouse - ZX,ZEROMAX LLP,880207020001 
880207020031 ,Heat Transfer,Nos,70,Rockspace,1,Rockspace HT  Dye Sublimation Ink 6 Colors EP8050/EP805 74196 Material: Pack Qty:6pcs,ZeroMax Warehouse - ZX,ZEROMAX LLP,880207020031 
880206020026 ,Heat Transfer,Nos,8,Rockspace,1,Rockspace HT  Transferrable Film 1*5 Blank Film 70969 Material: Pack Qty:5pcs,ZeroMax Warehouse - ZX,ZEROMAX LLP,880206020026 
880207020048 ,Heat Transfer,Nos,11,Rockspace,1,Rockspace HT  iPhone 15 Pro Max Creative Double Layer Case Fixture 75735 Material:Aluminium Alloy Pack Qty:1pcs,ZeroMax Warehouse - ZX,ZEROMAX LLP,880207020048 
880207020049 ,Heat Transfer,Nos,11,Rockspace,1,Rockspace HT  iPhone 15 Pro Creative Double Layer Case Fixture 75742 Material:Aluminium Alloy Pack Qty:1pcs,ZeroMax Warehouse - ZX,ZEROMAX LLP,880207020049 
880207020050 ,Heat Transfer,Nos,11,Rockspace,1,Rockspace HT  iPhone 15 Plus Creative Double Layer Case Fixture 75759 Material:Aluminium Alloy Pack Qty:1pcs,ZeroMax Warehouse - ZX,ZEROMAX LLP,880207020050 
880207020051 ,Heat Transfer,Nos,11,Rockspace,1,Rockspace HT  iPhone 15 Creative Double Layer Case Fixture 75766 Material:Aluminium Alloy Pack Qty:1pcs,ZeroMax Warehouse - ZX,ZEROMAX LLP,880207020051 
880207020003 ,Heat Transfer,Nos,11,Rockspace,1,Rockspace HT  iPhone XS Creative Double Layer Case Fixture 51487 Material:Aluminium Alloy Pack Qty:1pcs,ZeroMax Warehouse - ZX,ZEROMAX LLP,880207020003 
880207020017 ,Heat Transfer,Nos,11,Rockspace,1,Rockspace HT  Redmi Note 10 Pro/Pro max(India 4G) Creative Double Layer Case Fixture 73915 Material:Aluminium Alloy Pack Qty:1pcs,ZeroMax Warehouse - ZX,ZEROMAX LLP,880207020017 
880207020018 ,Heat Transfer,Nos,11,Rockspace,1,Rockspace HT  XiaoMi 11 Lite(4G/5G)/5G NE Creative Double Layer Case Fixture 73922 Material:Aluminium Alloy Pack Qty:1pcs,ZeroMax Warehouse - ZX,ZEROMAX LLP,880207020018 
880207020019 ,Heat Transfer,Nos,11,Rockspace,1,Rockspace HT  XiaoMi Redmi Note 10S Creative Double Layer Case Fixture 73939 Material:Aluminium Alloy Pack Qty:1pcs,ZeroMax Warehouse - ZX,ZEROMAX LLP,880207020019 
880207020020 ,Heat Transfer,Nos,11,Rockspace,1,Rockspace HT  XiaoMi 11T/11T Pro(5G) Creative Double Layer Case Fixture 73946 Material:Aluminium Alloy Pack Qty:1pcs,ZeroMax Warehouse - ZX,ZEROMAX LLP,880207020020 
880207020021 ,Heat Transfer,Nos,11,Rockspace,1,Rockspace HT  XiaoMi 12/12X Creative Double Layer Case Fixture 73953 Material:Aluminium Alloy Pack Qty:1pcs,ZeroMax Warehouse - ZX,ZEROMAX LLP,880207020021 
880207020022 ,Heat Transfer,Nos,11,Rockspace,1,Rockspace HT  XiaoMi 12 PRO(5G) reative Double Layer Case Fixture 73960 Material:Aluminium Alloy Pack Qty:1pcs,ZeroMax Warehouse - ZX,ZEROMAX LLP,880207020022 
880207020004 ,Heat Transfer,Nos,11,Rockspace,1,Rockspace HT  Samsung S21 Creative Double Layer Case Fixture 73595 Material:Aluminium Alloy Pack Qty:1pcs,ZeroMax Warehouse - ZX,ZEROMAX LLP,880207020004 
880207020005 ,Heat Transfer,Nos,11,Rockspace,1,Rockspace HT  Samsung S21+ Creative Double Layer Case Fixture 73601 Material:Aluminium Alloy Pack Qty:1pcs,ZeroMax Warehouse - ZX,ZEROMAX LLP,880207020005 
880207020006 ,Heat Transfer,Nos,11,Rockspace,1,Rockspace HT  Samsung S21 Ultra Creative Double Layer Case Fixture 73618 Material:Aluminium Alloy Pack Qty:1pcs,ZeroMax Warehouse - ZX,ZEROMAX LLP,880207020006 
880207020007 ,Heat Transfer,Nos,11,Rockspace,1,Rockspace HT  Samsung S22 Creative Double Layer Case Fixture 73625 Material:Aluminium Alloy Pack Qty:1pcs,ZeroMax Warehouse - ZX,ZEROMAX LLP,880207020007 
880207020008 ,Heat Transfer,Nos,11,Rockspace,1,Rockspace HT  Samsung S22+ Creative Double Layer Case Fixture 73632 Material:Aluminium Alloy Pack Qty:1pcs,ZeroMax Warehouse - ZX,ZEROMAX LLP,880207020008 
880207020009 ,Heat Transfer,Nos,11,Rockspace,1,Rockspace HT  Samsung S22 Ultra Creative Double Layer Case Fixture 73649 Material:Aluminium Alloy Pack Qty:1pcs,ZeroMax Warehouse - ZX,ZEROMAX LLP,880207020009 
880207020010 ,Heat Transfer,Nos,11,Rockspace,1,Rockspace HT  Samsung S23 Creative Double Layer Case Fixture 73656 Material:Aluminium Alloy Pack Qty:1pcs,ZeroMax Warehouse - ZX,ZEROMAX LLP,880207020010 
880207020011 ,Heat Transfer,Nos,11,Rockspace,1,Rockspace HT  Samsung S23+ Creative Double Layer Case Fixture 73663 Material:Aluminium Alloy Pack Qty:1pcs,ZeroMax Warehouse - ZX,ZEROMAX LLP,880207020011 
880207020012 ,Heat Transfer,Nos,11,Rockspace,1,Rockspace HT  Samsung S23 Ultra Creative Double Layer Case Fixture 73670 Material:Aluminium Alloy Pack Qty:1pcs,ZeroMax Warehouse - ZX,ZEROMAX LLP,880207020012 
880207020015 ,Heat Transfer,Nos,11,Rockspace,1,Rockspace HT  Samsung Note20 Creative Double Layer Case Fixture 73892 Material:Aluminium Alloy Pack Qty:1pcs,ZeroMax Warehouse - ZX,ZEROMAX LLP,880207020015 
880207020016 ,Heat Transfer,Nos,11,Rockspace,1,Rockspace HT  Samsung Note20 Ultra Creative Double Layer Case Fixture 73908 Material:Aluminium Alloy Pack Qty:1pcs,ZeroMax Warehouse - ZX,ZEROMAX LLP,880207020016 
880207020023 ,Heat Transfer,Nos,11,Rockspace,1,Rockspace HT  Samsung S7 Creative Double Layer Case Fixture 74110 Material:Aluminium Alloy Pack Qty:1pcs,ZeroMax Warehouse - ZX,ZEROMAX LLP,880207020023 
880207020024 ,Heat Transfer,Nos,11,Rockspace,1,Rockspace HT  Samsung S8 Creative Double Layer Case Fixture 74127 Material:Aluminium Alloy Pack Qty:1pcs,ZeroMax Warehouse - ZX,ZEROMAX LLP,880207020024 
880207020025 ,Heat Transfer,Nos,11,Rockspace,1,Rockspace HT  Samsung S9 Plus Creative Double Layer Case Fixture 74134 Material:Aluminium Alloy Pack Qty:1pcs,ZeroMax Warehouse - ZX,ZEROMAX LLP,880207020025 
880207020026 ,Heat Transfer,Nos,11,Rockspace,1,Rockspace HT  Samsung S10 Creative Double Layer Case Fixture 74141 Material:Aluminium Alloy Pack Qty:1pcs,ZeroMax Warehouse - ZX,ZEROMAX LLP,880207020026 
880207020027 ,Heat Transfer,Nos,11,Rockspace,1,Rockspace HT  Samsung S10e Creative Double Layer Case Fixture 74158 Material:Aluminium Alloy Pack Qty:1pcs,ZeroMax Warehouse - ZX,ZEROMAX LLP,880207020027 
880207020028 ,Heat Transfer,Nos,11,Rockspace,1,Rockspace HT  Samsung S10 Plus Creative Double Layer Case Fixture 74165 Material:Aluminium Alloy Pack Qty:1pcs,ZeroMax Warehouse - ZX,ZEROMAX LLP,880207020028 
880207020029 ,Heat Transfer,Nos,11,Rockspace,1,Rockspace HT  Samsung A13(4G) Creative Double Layer Case Fixture 74172 Material:Aluminium Alloy Pack Qty:1pcs,ZeroMax Warehouse - ZX,ZEROMAX LLP,880207020029 
880206020027 ,Heat Transfer,Nos,11,Rockspace,1,Rockspace HT  iPhone 13 Creative Double Layer Case Fixture 71805 Material:Aluminium Alloy Pack Qty:1pcs,ZeroMax Warehouse - ZX,ZEROMAX LLP,880206020027 
880207020046 ,Heat Transfer,Nos,11,Rockspace,1,Rockspace HT  iPhone13 mini Creative Double Layer Case Fixture 75537 Material:Aluminium Alloy Pack Qty:1pcs,ZeroMax Warehouse - ZX,ZEROMAX LLP,880207020046 
880108020001 ,Heat Transfer,Nos,11,Rockspace,1,Rockspace HT  iPhone 13 Pro Creative Double Layer Case Fixture 72239 Material:Aluminium Alloy Pack Qty:1pcs,ZeroMax Warehouse - ZX,ZEROMAX LLP,880108020001 
880108020002 ,Heat Transfer,Nos,11,Rockspace,1,Rockspace HT  iPhone 13 Pro Max Creative Double Layer Case Fixture 72246 Material:Aluminium Alloy Pack Qty:1pcs,ZeroMax Warehouse - ZX,ZEROMAX LLP,880108020002 
880108020003 ,Heat Transfer,Nos,11,Rockspace,1,Rockspace HT  iPhone 14 Creative Double Layer Case Fixture 72253 Material:Aluminium Alloy Pack Qty:1pcs,ZeroMax Warehouse - ZX,ZEROMAX LLP,880108020003 
880108020004 ,Heat Transfer,Nos,11,Rockspace,1,Rockspace HT  iPhone 14 Pro Creative Double Layer Case Fixture 72260 Material:Aluminium Alloy Pack Qty:1pcs,ZeroMax Warehouse - ZX,ZEROMAX LLP,880108020004 
880108020005 ,Heat Transfer,Nos,11,Rockspace,1,Rockspace HT  iPhone 14 Plus Creative Double Layer Case Fixture 72277 Material:Aluminium Alloy Pack Qty:1pcs,ZeroMax Warehouse - ZX,ZEROMAX LLP,880108020005 
880108020006 ,Heat Transfer,Nos,11,Rockspace,1,Rockspace HT  iPhone 14 Pro Max Creative Double Layer Case Fixture 72284 Material:Aluminium Alloy Pack Qty:1pcs,ZeroMax Warehouse - ZX,ZEROMAX LLP,880108020006 
880108020013 ,Heat Transfer,Nos,11,Rockspace,1,Rockspace HT  iPhone 11 Creative Double Layer Case Fixture 72970 Material:Aluminium Alloy Pack Qty:1pcs,ZeroMax Warehouse - ZX,ZEROMAX LLP,880108020013 
880108020014 ,Heat Transfer,Nos,11,Rockspace,1,Rockspace HT  iPhone 11 Pro Creative Double Layer Case Fixture 72987 Material:Aluminium Alloy Pack Qty:1pcs,ZeroMax Warehouse - ZX,ZEROMAX LLP,880108020014 
880108020015 ,Heat Transfer,Nos,11,Rockspace,1,Rockspace HT  iPhone 11 Pro Max Creative Double Layer Case Fixture 72994 Material:Aluminium Alloy Pack Qty:1pcs,ZeroMax Warehouse - ZX,ZEROMAX LLP,880108020015 
880108020016 ,Heat Transfer,Nos,11,Rockspace,1,Rockspace HT  iPhone 12/12Pro Creative Double Layer Case Fixture 73007 Material:Aluminium Alloy Pack Qty:1pcs,ZeroMax Warehouse - ZX,ZEROMAX LLP,880108020016 
880207020045 ,Heat Transfer,Nos,11,Rockspace,1,Rockspace HT  iPhone12 mini Creative Double Layer Case Fixture 75520 Material:Aluminium Alloy Pack Qty:1pcs,ZeroMax Warehouse - ZX,ZEROMAX LLP,880207020045 
880108020017 ,Heat Transfer,Nos,11,Rockspace,1,Rockspace HT  iPhone 12 Pro Max Creative Double Layer Case Fixture 73014 Material:Aluminium Alloy Pack Qty:1pcs,ZeroMax Warehouse - ZX,ZEROMAX LLP,880108020017 
880207020052 ,Heat Transfer,Nos,11,Rockspace,1,Rockspace HT  iPhone 15 Pro Max Original Single Layer Case Fixture 75773 Material:Aluminium Alloy Pack Qty:1pcs,ZeroMax Warehouse - ZX,ZEROMAX LLP,880207020052 
880207020053 ,Heat Transfer,Nos,11,Rockspace,1,Rockspace HT  iPhone 15 Pro Original Single Layer Case Fixture 75780 Material:Aluminium Alloy Pack Qty:1pcs,ZeroMax Warehouse - ZX,ZEROMAX LLP,880207020053 
880207020054 ,Heat Transfer,Nos,11,Rockspace,1,Rockspace HT  iPhone 15 Plus Original Single Layer Case Fixture 75797 Material:Aluminium Alloy Pack Qty:1pcs,ZeroMax Warehouse - ZX,ZEROMAX LLP,880207020054 
880207020055 ,Heat Transfer,Nos,11,Rockspace,1,Rockspace HT  iPhone 15 Original Single Layer Case Fixture 75803 Material:Aluminium Alloy Pack Qty:1pcs,ZeroMax Warehouse - ZX,ZEROMAX LLP,880207020055 
880108020007 ,Heat Transfer,Nos,11,Rockspace,1,Rockspace HT   iPhone 13 Original Single Layer Case Fixture 72291 Material:Aluminium Alloy Pack Qty:1pcs,ZeroMax Warehouse - ZX,ZEROMAX LLP,880108020007 
880108020008 ,Heat Transfer,Nos,11,Rockspace,1,Rockspace HT   iPhone 13 Pro Original Single Layer Case Fixture 72307 Material:Aluminium Alloy Pack Qty:1pcs,ZeroMax Warehouse - ZX,ZEROMAX LLP,880108020008 
880108020009 ,Heat Transfer,Nos,11,Rockspace,1,Rockspace HT   iPhone 13 Pro Max Original Single Layer Case Fixture 72314 Material:Aluminium Alloy Pack Qty:1pcs,ZeroMax Warehouse - ZX,ZEROMAX LLP,880108020009 
880108020010 ,Heat Transfer,Nos,11,Rockspace,1,Rockspace HT   iPhone 14 Original Single Layer Case Fixture 72321 Material:Aluminium Alloy Pack Qty:1pcs,ZeroMax Warehouse - ZX,ZEROMAX LLP,880108020010 
880108020011 ,Heat Transfer,Nos,11,Rockspace,1,Rockspace HT   iPhone 14 Pro Original Single Layer Case Fixture 72338 Material:Aluminium Alloy Pack Qty:1pcs,ZeroMax Warehouse - ZX,ZEROMAX LLP,880108020011 
880108020012 ,Heat Transfer,Nos,11,Rockspace,1,Rockspace HT   iPhone 14 Plus Original Single Layer Case Fixture 72345 Material:Aluminium Alloy Pack Qty:1pcs,ZeroMax Warehouse - ZX,ZEROMAX LLP,880108020012 
880206020028 ,Heat Transfer,Nos,11,Rockspace,1,Rockspace HT   iPhone 14 Pro Max Original Single Layer Case Fixture 71812 Material:Aluminium Alloy Pack Qty:1pcs,ZeroMax Warehouse - ZX,ZEROMAX LLP,880206020028 
880108020018 ,Heat Transfer,Nos,11,Rockspace,1,Rockspace HT  iPhone 11 Original Single Layer Case Fixture 73021 Material:Aluminium Alloy Pack Qty:1pcs,ZeroMax Warehouse - ZX,ZEROMAX LLP,880108020018 
880108020019 ,Heat Transfer,Nos,11,Rockspace,1,Rockspace HT  iPhone 11 Pro Original Single Layer Case Fixture 73038 Material:Aluminium Alloy Pack Qty:1pcs,ZeroMax Warehouse - ZX,ZEROMAX LLP,880108020019 
880108020020 ,Heat Transfer,Nos,11,Rockspace,1,Rockspace HT  iPhone 11 Pro Max Original Single Layer Case Fixture 73045 Material:Aluminium Alloy Pack Qty:1pcs,ZeroMax Warehouse - ZX,ZEROMAX LLP,880108020020 
880108020021 ,Heat Transfer,Nos,11,Rockspace,1,Rockspace HT  iPhone 12/12Pro Original Single Layer Case Fixture 73052 Material:Aluminium Alloy Pack Qty:1pcs,ZeroMax Warehouse - ZX,ZEROMAX LLP,880108020021 
880108020022 ,Heat Transfer,Nos,11,Rockspace,1,Rockspace HT  iPhone 12 Pro Max Original Single Layer Case Fixture 73069 Material:Aluminium Alloy Pack Qty:1pcs,ZeroMax Warehouse - ZX,ZEROMAX LLP,880108020022 
880207020047 ,Heat Transfer,Nos,11,Rockspace,1,Rockspace HT  Samsung S23 ultra Original Single Layer Case Fixture 75643 Material:Aluminium Alloy Pack Qty:1pcs,ZeroMax Warehouse - ZX,ZEROMAX LLP,880207020047 
880207020030 ,Heat Transfer,Nos,11,Rockspace,1,Rockspace HT  Samsung Note20 ultra Original Single Layer Case Fixture 74189 Material:Aluminium Alloy Pack Qty:1pcs,ZeroMax Warehouse - ZX,ZEROMAX LLP,880207020030 
811202000038 ,Heat Transfer,Nos,7,Rockspace,1,Rockspace HT  iPhone 15 Pro Max Original Single Layer Case Gloss 1*5 75698 Material:PBT Pack Qty:5pcs,ZeroMax Warehouse - ZX,ZEROMAX LLP,811202000038 
811202000039 ,Heat Transfer,Nos,7,Rockspace,1,Rockspace HT  iPhone 15 Pro Original Single Layer Case Gloss 1*5 75704 Material:PBT Pack Qty:5pcs,ZeroMax Warehouse - ZX,ZEROMAX LLP,811202000039 
811202000040 ,Heat Transfer,Nos,7,Rockspace,1,Rockspace HT  iPhone 15 Plus Original Single Layer Case Gloss 1*5 75711 Material:PBT Pack Qty:5pcs,ZeroMax Warehouse - ZX,ZEROMAX LLP,811202000040 
811202000041 ,Heat Transfer,Nos,7,Rockspace,1,Rockspace HT  iPhone 15 Original Single Layer Case Gloss 1*5 75728 Material:PBT Pack Qty:5pcs,ZeroMax Warehouse - ZX,ZEROMAX LLP,811202000041 
810102002248 ,Heat Transfer,Nos,7,Rockspace,1,Rockspace HT   iPhone 14 Pro Max Original Single Layer Case Gloss 1*5 71881 Material:PBT Pack Qty:5pcs,ZeroMax Warehouse - ZX,ZEROMAX LLP,810102002248 
810102002256 ,Heat Transfer,Nos,7,Rockspace,1,Rockspace HT   iPhone 14 Plus Original Single Layer Case Gloss 1*5 72178 Material:PBT Pack Qty:5pcs,ZeroMax Warehouse - ZX,ZEROMAX LLP,810102002256 
810102002257 ,Heat Transfer,Nos,7,Rockspace,1,Rockspace HT   iPhone 14 Pro Original Single Layer Case Gloss 1*5 72185 Material:PBT Pack Qty:5pcs,ZeroMax Warehouse - ZX,ZEROMAX LLP,810102002257 
810102002258 ,Heat Transfer,Nos,7,Rockspace,1,Rockspace HT   iPhone 14 Original Single Layer Case Gloss 1*5 72192 Material:PBT Pack Qty:5pcs,ZeroMax Warehouse - ZX,ZEROMAX LLP,810102002258 
810102002259 ,Heat Transfer,Nos,7,Rockspace,1,Rockspace HT   iPhone 13 Original Single Layer Case Gloss 1*5 72208 Material:PBT Pack Qty:5pcs,ZeroMax Warehouse - ZX,ZEROMAX LLP,810102002259 
810102002260 ,Heat Transfer,Nos,7,Rockspace,1,Rockspace HT   iPhone 13 Pro Original Single Layer Case Gloss 1*5 72215 Material:PBT Pack Qty:5pcs,ZeroMax Warehouse - ZX,ZEROMAX LLP,810102002260 
810102002261 ,Heat Transfer,Nos,7,Rockspace,1,Rockspace HT   iPhone 13 Pro Max Original Single Layer Case Gloss 1*5 72222 Material:PBT Pack Qty:5pcs,ZeroMax Warehouse - ZX,ZEROMAX LLP,810102002261 
810102002271 ,Heat Transfer,Nos,7,Rockspace,1,Rockspace HT  iPhone 11 Original Single Layer Case Gloss 1*5 72871 Material:PBT Pack Qty:5pcs,ZeroMax Warehouse - ZX,ZEROMAX LLP,810102002271 
810102002282 ,Heat Transfer,Nos,7,Rockspace,1,Rockspace HT  iPhone 11 Pro Original Single Layer Case Gloss 1*5 72888 Material:PBT Pack Qty:5pcs,ZeroMax Warehouse - ZX,ZEROMAX LLP,810102002282 
810102002283 ,Heat Transfer,Nos,7,Rockspace,1,Rockspace HT  iPhone 11 Pro Max Original Single Layer Case Gloss 1*5 72895 Material:PBT Pack Qty:5pcs,ZeroMax Warehouse - ZX,ZEROMAX LLP,810102002283 
810102002284 ,Heat Transfer,Nos,7,Rockspace,1,Rockspace HT  iPhone 12 Original Single Layer Case Gloss 1*5 72901 Material:PBT Pack Qty:5pcs,ZeroMax Warehouse - ZX,ZEROMAX LLP,810102002284 
811202000001 ,Heat Transfer,Nos,7,Rockspace,1,Rockspace HT  iPhone 12 Pro Original Single Layer Case Gloss 1*5 73151 Material:PBT Pack Qty:5pcs,ZeroMax Warehouse - ZX,ZEROMAX LLP,811202000001 
810102002285 ,Heat Transfer,Nos,7,Rockspace,1,Rockspace HT  iPhone 12 Pro Max Original Single Layer Case Gloss 1*5 72918 Material:PBT Pack Qty:5pcs,ZeroMax Warehouse - ZX,ZEROMAX LLP,810102002285 
811202000033 ,Heat Transfer,Nos,7,Rockspace,1,Rockspace HT  Samsung S23 ultra Original Single Layer Case Gloss 1*5 75636 Material:PBT Pack Qty:5pcs,ZeroMax Warehouse - ZX,ZEROMAX LLP,811202000033 
811202000029 ,Heat Transfer,Nos,7,Rockspace,1,Rockspace HT  Samsung Note20 ultra Original Single Layer Case Gloss 1*5 Material:PBT Pack Qty:5pcs,ZeroMax Warehouse - ZX,ZEROMAX LLP,811202000029 
811202000014 ,Heat Transfer,Nos,21,Rockspace,1,Rockspace HT  Redmi Note 10 Pro/Pro max(India 4G)  Creative Double Layer Case Gloss 1*5 73830 Material:PC+TPU Pack Qty:5pcs,ZeroMax Warehouse - ZX,ZEROMAX LLP,811202000014 
811202000015 ,Heat Transfer,Nos,21,Rockspace,1,Rockspace HT  XiaoMi 11 Lite(4G/5G)/5G NE Creative Double Layer Case Gloss 1*5 73847 Material:PC+TPU Pack Qty:5pcs,ZeroMax Warehouse - ZX,ZEROMAX LLP,811202000015 
811202000016 ,Heat Transfer,Nos,21,Rockspace,1,Rockspace HT  XiaoMi Redmi Note 10S Creative Double Layer Case Gloss 1*5 73854 Material:PC+TPU Pack Qty:5pcs,ZeroMax Warehouse - ZX,ZEROMAX LLP,811202000016 
811202000017 ,Heat Transfer,Nos,21,Rockspace,1,Rockspace HT  XiaoMi 11T/11T Pro(5G) Creative Double Layer Case Gloss 1*5 73861 Material:PC+TPU Pack Qty:5pcs,ZeroMax Warehouse - ZX,ZEROMAX LLP,811202000017 
811202000018 ,Heat Transfer,Nos,21,Rockspace,1,Rockspace HT  XiaoMi 12/12X Creative Double Layer Case Gloss 1*5 73878 Material:PC+TPU Pack Qty:5pcs,ZeroMax Warehouse - ZX,ZEROMAX LLP,811202000018 
811202000019 ,Heat Transfer,Nos,21,Rockspace,1,Rockspace HT  XiaoMi 12 PRO(5G)  Creative Double Layer Case Gloss 1*5 73885 Material:PC+TPU Pack Qty:5pcs,ZeroMax Warehouse - ZX,ZEROMAX LLP,811202000019 
811202000003 ,Heat Transfer,Nos,21,Rockspace,1,Rockspace HT  Samsung S21 Creative Double Layer Case Gloss 1*5 73687 Material:PC+TPU Pack Qty:5pcs,ZeroMax Warehouse - ZX,ZEROMAX LLP,811202000003 
811202000004 ,Heat Transfer,Nos,21,Rockspace,1,Rockspace HT  Samsung S21+ Creative Double Layer Case Gloss 1*5 73694 Material:PC+TPU Pack Qty:5pcs,ZeroMax Warehouse - ZX,ZEROMAX LLP,811202000004 
811202000005 ,Heat Transfer,Nos,21,Rockspace,1,Rockspace HT  Samsung S21 Ultra Creative Double Layer Case Gloss 1*5 73700 Material:PC+TPU Pack Qty:5pcs,ZeroMax Warehouse - ZX,ZEROMAX LLP,811202000005 
811202000006 ,Heat Transfer,Nos,21,Rockspace,1,Rockspace HT  Samsung S22 Creative Double Layer Case Gloss 1*5 73717 Material:PC+TPU Pack Qty:5pcs,ZeroMax Warehouse - ZX,ZEROMAX LLP,811202000006 
811202000007 ,Heat Transfer,Nos,21,Rockspace,1,Rockspace HT  Samsung S22+ Creative Double Layer Case Gloss 1*5 73724 Material:PC+TPU Pack Qty:5pcs,ZeroMax Warehouse - ZX,ZEROMAX LLP,811202000007 
811202000008 ,Heat Transfer,Nos,21,Rockspace,1,Rockspace HT  Samsung S22 Ultra Creative Double Layer Case Gloss 1*5 73731 Material:PC+TPU Pack Qty:5pcs,ZeroMax Warehouse - ZX,ZEROMAX LLP,811202000008 
811202000009 ,Heat Transfer,Nos,21,Rockspace,1,Rockspace HT  Samsung S23 Creative Double Layer Case Gloss 1*5 73748 Material:PC+TPU Pack Qty:5pcs,ZeroMax Warehouse - ZX,ZEROMAX LLP,811202000009 
811202000010 ,Heat Transfer,Nos,21,Rockspace,1,Rockspace HT  Samsung S23+ Creative Double Layer Case Gloss 1*5 73755 Material:PC+TPU Pack Qty:5pcs,ZeroMax Warehouse - ZX,ZEROMAX LLP,811202000010 
811202000011 ,Heat Transfer,Nos,21,Rockspace,1,Rockspace HT  Samsung S23 Ultra Creative Double Layer Case Gloss 1*5 73762 Material:PC+TPU Pack Qty:5pcs,ZeroMax Warehouse - ZX,ZEROMAX LLP,811202000011 
811202000012 ,Heat Transfer,Nos,21,Rockspace,1,Rockspace HT  Samsung Note20 Creative Double Layer Case Gloss 1*5 73816 Material:PC+TPU Pack Qty:5pcs,ZeroMax Warehouse - ZX,ZEROMAX LLP,811202000012 
811202000013 ,Heat Transfer,Nos,21,Rockspace,1,Rockspace HT  Samsung Note20 Ultra Creative Double Layer Case Gloss 1*5 73823 Material:PC+TPU Pack Qty:5pcs,ZeroMax Warehouse - ZX,ZEROMAX LLP,811202000013 
811202000022 ,Heat Transfer,Nos,21,Rockspace,1,Rockspace HT  Samsung S7 Creative Double Layer Case Gloss 1*5 74035 Material:PC+TPU Pack Qty:5pcs,ZeroMax Warehouse - ZX,ZEROMAX LLP,811202000022 
811202000023 ,Heat Transfer,Nos,21,Rockspace,1,Rockspace HT  Samsung S8 Creative Double Layer Case Gloss 1*5 74042 Material:PC+TPU Pack Qty:5pcs,ZeroMax Warehouse - ZX,ZEROMAX LLP,811202000023 
811202000024 ,Heat Transfer,Nos,21,Rockspace,1,Rockspace HT  Samsung S9 Plus Creative Double Layer Case Gloss 1*5 74059 Material:PC+TPU Pack Qty:5pcs,ZeroMax Warehouse - ZX,ZEROMAX LLP,811202000024 
811202000025 ,Heat Transfer,Nos,21,Rockspace,1,Rockspace HT  Samsung S10 Creative Double Layer Case Gloss 1*5 74066 Material:PC+TPU Pack Qty:5pcs,ZeroMax Warehouse - ZX,ZEROMAX LLP,811202000025 
811202000026 ,Heat Transfer,Nos,21,Rockspace,1,Rockspace HT  Samsung S10e Creative Double Layer Case Gloss 1*5 74073 Material:PC+TPU Pack Qty:5pcs,ZeroMax Warehouse - ZX,ZEROMAX LLP,811202000026 
811202000027 ,Heat Transfer,Nos,21,Rockspace,1,Rockspace HT  Samsung S10 Plus Creative Double Layer Case Gloss 1*5 74080 Material:PC+TPU Pack Qty:5pcs,ZeroMax Warehouse - ZX,ZEROMAX LLP,811202000027 
811202000028 ,Heat Transfer,Nos,21,Rockspace,1,Rockspace HT  Samsung A13(4G) Creative Double Layer Case Gloss 1*5 74097 Material:PC+TPU Pack Qty:5pcs,ZeroMax Warehouse - ZX,ZEROMAX LLP,811202000028 
811202000034 ,Heat Transfer,Nos,21,Rockspace,1,Rockspace HT  iPhone 15 Pro Max Creative Double Layer Case  Gloss 1*5 75650 Material:PC+TPU Pack Qty:5pcs,ZeroMax Warehouse - ZX,ZEROMAX LLP,811202000034 
811202000035 ,Heat Transfer,Nos,21,Rockspace,1,Rockspace HT  iPhone 15 Pro Creative Double Layer Case Gloss 1*5 75667 Material:PC+TPU Pack Qty:5pcs,ZeroMax Warehouse - ZX,ZEROMAX LLP,811202000035 
811202000036 ,Heat Transfer,Nos,21,Rockspace,1,Rockspace HT  iPhone 15 Plus Creative Double Layer Case Gloss 1*5 75674 Material:PC+TPU Pack Qty:5pcs,ZeroMax Warehouse - ZX,ZEROMAX LLP,811202000036 
811202000037 ,Heat Transfer,Nos,21,Rockspace,1,Rockspace HT  iPhone 15 Creative Double Layer Case  Gloss 1*5 75681 Material:PC+TPU Pack Qty:5pcs,ZeroMax Warehouse - ZX,ZEROMAX LLP,811202000037 
811202000002 ,Heat Transfer,Nos,21,Rockspace,1,Rockspace HT   iPhone XS Creative Double Layer Case Gloss 1*5 73335 Material:PC+TPU Pack Qty:5pcs,ZeroMax Warehouse - ZX,ZEROMAX LLP,811202000002 
810102002249 ,Heat Transfer,Nos,21,Rockspace,1,Rockspace HT   iPhone 13 Creative Double Layer Case Gloss 1*5 71898 Material:PC+TPU Pack Qty:5pcs,ZeroMax Warehouse - ZX,ZEROMAX LLP,810102002249 
811202000032 ,Heat Transfer,Nos,21,Rockspace,1,Rockspace HT   iPhone 13 mini Creative Double Layer Case Gloss 1*5 75513 Material:PC+TPU Pack Qty:5pcs,ZeroMax Warehouse - ZX,ZEROMAX LLP,811202000032 
810102002250 ,Heat Transfer,Nos,21,Rockspace,1,Rockspace HT   iPhone 13 Pro Creative Double Layer Case Gloss 1*5 72116 Material:PC+TPU Pack Qty:5pcs,ZeroMax Warehouse - ZX,ZEROMAX LLP,810102002250 
810102002251 ,Heat Transfer,Nos,21,Rockspace,1,Rockspace HT   iPhone 13 Pro Max Creative Double Layer Case Gloss 1*5 72123 Material:PC+TPU Pack Qty:5pcs,ZeroMax Warehouse - ZX,ZEROMAX LLP,810102002251 
810102002252 ,Heat Transfer,Nos,21,Rockspace,1,Rockspace HT   iPhone 14 Creative Double Layer Case Gloss 1*5 72130 Material:PC+TPU Pack Qty:5pcs,ZeroMax Warehouse - ZX,ZEROMAX LLP,810102002252 
810102002253 ,Heat Transfer,Nos,21,Rockspace,1,Rockspace HT   iPhone 14 Plus Creative Double Layer Case Gloss 1*5 72147 Material:PC+TPU Pack Qty:5pcs,ZeroMax Warehouse - ZX,ZEROMAX LLP,810102002253 
810102002254 ,Heat Transfer,Nos,21,Rockspace,1,Rockspace HT   iPhone 14 Pro Creative Double Layer Case Gloss 1*5 72154 Material:PC+TPU Pack Qty:5pcs,ZeroMax Warehouse - ZX,ZEROMAX LLP,810102002254 
810102002255 ,Heat Transfer,Nos,21,Rockspace,1,Rockspace HT   iPhone 14 Pro Max Creative Double Layer Case Gloss 1*5 72161 Material:PC+TPU Pack Qty:5pcs,ZeroMax Warehouse - ZX,ZEROMAX LLP,810102002255 
810102002286 ,Heat Transfer,Nos,21,Rockspace,1,Rockspace HT  iPhone 11 Creative Double Layer Case Gloss 1*5 72925 Material:PC+TPU Pack Qty:5pcs,ZeroMax Warehouse - ZX,ZEROMAX LLP,810102002286 
810102002287 ,Heat Transfer,Nos,21,Rockspace,1,Rockspace HT  iPhone 11 Pro Creative Double Layer Case Gloss 1*5 72932 Material:PC+TPU Pack Qty:5pcs,ZeroMax Warehouse - ZX,ZEROMAX LLP,810102002287 
810102002288 ,Heat Transfer,Nos,21,Rockspace,1,Rockspace HT  iPhone 11 Pro Max Creative Double Layer Case Gloss 1*5 72949 Material:PC+TPU Pack Qty:5pcs,ZeroMax Warehouse - ZX,ZEROMAX LLP,810102002288 
810102002289 ,Heat Transfer,Nos,21,Rockspace,1,Rockspace HT  iPhone 12/12Pro Creative Double Layer Case Gloss 1*5 72956 Material:PC+TPU Pack Qty:5pcs,ZeroMax Warehouse - ZX,ZEROMAX LLP,810102002289 
811202000031 ,Heat Transfer,Nos,21,Rockspace,1,Rockspace HT  iPhone 12 mini Creative Double Layer Case Gloss 1*5 75506 Material:PC+TPU Pack Qty:5pcs,ZeroMax Warehouse - ZX,ZEROMAX LLP,811202000031 
810102002290 ,Heat Transfer,Nos,21,Rockspace,1,Rockspace HT  iPhone 12 Pro Max Creative Double Layer Case Gloss 1*5 72963 Material:PC+TPU Pack Qty:5pcs,ZeroMax Warehouse - ZX,ZEROMAX LLP,810102002290 
880109070003 ,Skin Printer,Nos,350,Rockspace,1,Rockspace SP Phone Skin Printer& Color Phone Skin Paper Set(With scratch card)(With Dustproof PMMA Shield)(British Standard) 72727,ZeroMax Warehouse - ZX,ZEROMAX LLP,6941402772727 
880206070244 ,Skin Printer,Nos,64,Rockspace,1,Rockspace SP Color Phone Skin Paper Set 71225,ZeroMax Warehouse - ZX,ZEROMAX LLP,6941402771225 
280206070245 ,Skin Printer,Nos,2,Rockspace,1,Rockspace SP Phone Skin Printer Scratch Card,ZeroMax Warehouse - ZX,ZEROMAX LLP,6941402772376 
280206070246 ,Skin Printer,Nos,2,Rockspace,1,Rockspace SP Phone Skin Printer Cutting Mat,ZeroMax Warehouse - ZX,ZEROMAX LLP,6941402772383 
