Item Code,Item Name
SDSDQM-032G-B35,"SanDisk microSDHC, SDQM 32GB, C4, 3x5, 5Y"
SDSQQNR-032G-GN6IA,"SanDisk High Endurance microSDHC™ Card, SQQNR 32G, (2,500 Hrs), UHS-I, C10, U3, V30, 100MB/s R, 40MB/s W, SD adaptor, 2Y"
SDSQQNR-064G-GN6IA,"SanDisk High Endurance microSDXC™ Card, SQQNR 64G, (5,000 Hrs), UHS-I, C10, U3, V30, 100MB/s R, 40MB/s W, SD adaptor, 2Y"
SDSQQNR-128G-GN6IA,"SanDisk High Endurance microSDXC™ Card, SQQNR 128G, (10,000 Hrs), UHS-I, C10, U3, V30, 100MB/s R, 40MB/s W, SD adaptor, 2Y"
SDSQQNR-256G-GN6IA,"SanDisk High Endurance microSDXC™ Card, SQQNR 256G, (20,000 Hrs), UHS-I, C10, U3, V30, 100MB/s R, 40MB/s W, SD adaptor, 2Y"
SDSQQNR-512G-GN6IA,"SanDisk High Endurance microSDXC™ Card, SQQNR 512G, (40,000 Hrs), UHS-I, C10, U3, V30, 100MB/s R, 40MB/s W, SD adaptor, 2Y"
SDSQQVR-064G-GN6IA,"SanDisk MAX ENDURANCE microSDXC™ Card, SQQVR 64G, (30,000 Hrs), UHS-I, C10, U3, V30, 100MB/s R, 40MB/s W, SD adaptor, 5Y"
SDSQQVR-128G-GN6IA,"SanDisk MAX ENDURANCE microSDXC™ Card, SQQVR 128G, (60,000 Hrs), UHS-I, C10, U3, V30, 100MB/s R, 40MB/s W, SD adaptor, 10Y"
SDSQQVR-256G-GN6IA,"SanDisk MAX ENDURANCE microSDXC™ Card, SQQVR 256G, (120,000 Hrs), UHS-I, C10, U3, V30, 100MB/s R, 40MB/s W, SD adaptor, 15Y"
SDSQUNR-032G-GN3MN,"SanDisk Ultra microSDHC, SQUNR 32GB, C10, UHS-1, 100MB/s R, 3x5, 7Y"
SDSQUNR-064G-GN3MN,"SanDisk Ultra microSDXC, SQUNR 64GB, C10, UHS-1, 100MB/s R, 3x5, 7Y"
SDSQUNR-128G-GN3MN,"SanDisk Ultra microSDXC, SQUNR 128GB, C10, UHS-1, 100MB/s R, 3x5, 7Y"
SDSQUNR-256G-GN3MN,"SanDisk Ultra microSDXC, SQUNR 256GB, C10, UHS-1, 100MB/s R, 3x5, 7Y"
SDSQUNR-512G-GN3MN,"SanDisk Ultra microSDXC, SQUNR 512GB, C10, UHS-1, 100MB/s R, 3x5, 7Y"
SDSQUA4-400G-GN6MN,"SanDisk Ultra microSDXC, SQUA4 400GB, A1, C10, U1, UHS-I, 120MB/s R, 10Y"
SDSQUA4-032G-GN6MN,"SanDisk Ultra microSDHC, SQUA4 32GB, A1, C10, U1, UHS-I, 120MB/s R, 4x6, 10Y"
SDSQUAB-064G-GN6MN,"SanDisk Ultra microSDXC, SQUAB 64GB, A1, C10, U1, UHS-I, 140MB/s R, 4x6, 10Y"
SDSQUAB-128G-GN6MN,"SanDisk Ultra microSDXC, SQUAB128GB, A1, C10, U1, UHS-I, 140MB/s R, 4x6, 10Y"
SDSQUAC-256G-GN6MN,"SanDisk Ultra microSDXC, SQUAC 256GB, A1, C10, U1, UHS-I, 150MB/s R, 4x6, 10Y"
SDSQUAC-512G-GN6MN,"SanDisk Ultra microSDXC, SQUAC 512GB, A1, C10, U1, UHS-I, 150MB/s R, 4x6, 10Y"
SDSQUAC-1T00-GN6MN,"SanDisk Ultra microSDXC, SQUAC 1TB, A1, C10, U1, UHS-I, 150MB/s R, 4x6, 10Y"
SDSQXAF-032G-GN6MN,"SanDisk Extreme microSDHC, SQXAF 32GB, V30, U3, C10, A1, UHS-1, 100MB/s R, 60MB/s W, 4x6, Lifetime Limited"
SDSQXA1-400G-GN6MN,"SanDisk Extreme microSDXC,400GB, V30, U3, C10, A2, UHS-I, 160MB/s R, 90MB/s W, 4x6, Lifetime Limited"
SDSQXA1-1T00-GN6MN,"SanDisk Extreme microSDXC,1TB, V30, U3, C10, A2, UHS-I, 160MB/s R, 90MB/s W, 4x6, Lifetime Limited"
SDSQXAH-064G-GN6MN,"SanDisk Extreme microSDXC, SQXAH 64GB, V30, U3, C10, A2, UHS-I, 170MB/s R, 80MB/s W, 4x6, Lifetime Limited"
SDSQXAA-128G-GN6MN,"SanDisk Extreme microSDXC, SQXAA 128GB, V30, U3, C10, A2, UHS-I, 190MB/s R, 90MB/s W, 4x6, Lifetime Limited"
SDSQXAV-256G-GN6MN,"SanDisk Extreme microSDXC, SQXAV 256GB, V30, U3, C10, A2, UHS-I, 190MB/s R, 130MB/s W, 4x6, Lifetime Limited"
SDSQXAV-512G-GN6MN,"SanDisk Extreme microSDXC, SQXAV 512GB, V30, U3, C10, A2, UHS-I, 190MB/s R, 130MB/s W, 4x6, Lifetime Limited"
SDSQXAV-1T00-GN6MN,"SanDisk Extreme microSDXC, SQXAV 1TB, V30, U3, C10, A2, UHS-I, 190MB/s R, 130MB/s W, 4x6, Lifetime Limited"
SDSQXAH-064G-GN6GN,"SanDisk Extreme microSDXC, SQXAH 64GB, V30, U3, C10, A2, UHS-I, 170MB/s R, 80MB/s W, 4x6, Lifetime Limited, Mobile Gaming SKU"
SDSQXAA-128G-GN6GN,"SanDisk Extreme microSDXC, SQXAA 128GB, V30, U3, C10, A2, UHS-I, 190MB/s R, 90MB/s W, 4x6, Lifetime Limited, Mobile Gaming SKU"
SDSQXAV-256G-GN6GN,"SanDisk Extreme microSDXC, SQXAV 256GB, V30, U3, C10, A2, UHS-I, 190MB/s R, 130MB/s W, 4x6, Lifetime Limited, Mobile Gaming SKU"
SDSQXAH-064G-GN6AA,"SanDisk Extreme microSDXC, SQXAH 64GB, V30, U3, C10, A2, UHS-I, 170MB/s R, 80MB/s W, 4x6, SD adaptor, Lifetime Limited, Action Cam/Drone SK"
SDSQXAA-128G-GN6AA,"SanDisk Extreme microSDXC, SQXAA 128GB, V30, U3, C10, A2, UHS-I, 190MB/s R, 90MB/s W, 4x6, SD adaptor, Lifetime Limited, Action Cam/Drone S"
SDSQXA1-128G-GN6AA,"SanDisk Extreme microSD 128GB, V30, U3, C10, A2, UHS-I, 160MB/s R, 90MB/s W (Action Cam) With SD Adap"
SDSQXAO-064G-GN3ZN,"SanDisk and Nintendo Cobranded microSDXC SQXAO, 64GB, U3, C10, UHS-1, 100MB/s R, 90MB/s W, 3x5, Lifetime Limited"
SDSQXAO-128G-GN3ZN,"SanDisk and Nintendo Cobranded microSDXC, SQXAO, 128GB, U3, C10, UHS-1, 100MB/s R, 90MB/s W, 3x5, Lifetime Limited"
SDSQXAO-256G-GN3ZN,"SanDisk and Nintendo Cobranded microSDXC, SQXAO, 256GB, U3, C10, UHS-1, 100MB/s R, 90MB/s W, 3x5, Lifetime Limited"
SDSQXAO-512G-GN3ZN,"SanDisk and Nintendo Cobranded microSDXC, SQXAO, 512GB, U3, C10, UHS-1, 100MB/s R, 90MB/s W, 3x5, Lifetime Limited"
SDSQXAO-128G-GN3ZY,"SanDisk, Nintendo and EA Apex Legends Cobranded microSDXC, SQXAO, 128GB, U3, C10, UHS-1, 100MB/s R, 90MB/s W, 3x5, Lifetime Limited"
SDSQXCG-032G-GN6MA,"SanDisk Extreme Pro microSDHC, SQXCG 32GB, V30, U3, C10, A1, UHS-1, 100MB/s R, 90MB/s W, 4x6, SD adaptor, Lifetime Limited"
SDSQXCU-064G-GN6MA,"SanDisk Extreme Pro microSDXC, SQXCU 64GB, V30, U3, C10, A2, UHS-I, 200MB/s R, 90MB/s W, 4x6, SD adaptor, Lifetime Limited"
SDSQXCD-128G-GN6MA,"SanDisk Extreme Pro microSDXC, SQXCD 128GB, V30, U3, C10, A2, UHS-I, 200MB/s R, 90MB/s W, 4x6, SD adaptor, Lifetime Limited"
SDSQXCD-256G-GN6MA,"SanDisk Extreme Pro microSDXC, SQXCD 256GB, V30, U3, C10, A2, UHS-I, 200MB/s R, 140MB/s W, 4x6, SD adaptor, Lifetime Limited"
SDSQXCD-512G-GN6MA,"SanDisk Extreme Pro microSDXC, SQXCD 512GB, V30, U3, C10, A2, UHS-I, 200MB/s R, 140MB/s W, 4x6, SD adaptor, Lifetime Limited"
SDSQXCD-1T00-GN6MA,"SanDisk Extreme Pro microSDXC, SQXCD 1TB, V30, U3, C10, A2, UHS-I, 200MB/s R, 140MB/s W, 4x6, SD adaptor, Lifetime Limited"
SDSDUNR-032G-GN3IN,"SanDisk Ultra SDHC, SDUNR 32GB, C10, UHS-I, 100MB/s R, 3x5, 7Y"
SDSDUNR-064G-GN3IN,"SanDisk Ultra SDXC, SDUNR 64GB, C10, UHS-I, 100MB/s R, 3x5, 7Y"
SDSDUNR-128G-GN3IN,"SanDisk Ultra SDXC, SDUNR 128GB, C10, UHS-I, 100MB/s R, 3x5, 7Y"
SDSDUNR-256G-GN3IN,"SanDisk Ultra SDXC, SDUNR 256GB, C10, UHS-I, 100MB/s R, 3x5, 7Y"
SDSDXV5-256G-GNCIN,"SanDisk Extreme SDXC, 256GB, U3, C10, UHS-I, 150MB/s R, 70MB/s W"
SDSDXVT-032G-GNCIN,"SanDisk Extreme SDHC, SDXVT 32GB, V30, U3, C10, UHS-I, 100MB/s R, 60MB/s W, 4x6, Lifetime Limited"
SDSDXV2-064G-GNCIN,"SanDisk Extreme SDXC, SDXV2 64GB, V30, U3, C10, UHS-I, 170MB/s R, 80MB/s W, 4x6, Lifetime Limited"
SDSDXVA-128G-GNCIN,"SanDisk Extreme SDXC, SDXVA 128GB, V30, U3, C10, UHS-I, 180MB/s R, 90MB/s W, 4x6, Lifetime Limited"
SDSDXVV-256G-GNCIN,"SanDisk Extreme SDXC, SDXVV 256GB, V30, U3, C10, UHS-I, 180MB/s R, 130MB/s W, 4x6, Lifetime Limited"
SDSDXXY-512G-GN4IN,"SanDisk Extreme Pro SDXC, 512GB, U3, C10, V30, UHS-I, 170MB/s R, 90MB/s W"
SDSDXXO-032G-GN4IN,"SanDisk Extreme Pro SDHC, SDXXO 32GB, U3, C10, V30, UHS-I, 100MB/s R, 90MB/s W, 4x6, Lifetime Limited"
SDSDXXU-064G-GN4IN,"SanDisk Extreme Pro SDXC, SDXXU 64GB, V30, U3, C10, UHS-I, 200MB/s R, 90MB/s W, 4x6, Lifetime Limited"
SDSDXXD-128G-GN4IN,"SanDisk Extreme Pro SDXC, SDXXD 128GB, V30, U3, C10, UHS-I, 200MB/s R, 90MB/s W, 4x6, Lifetime Limited"
SDSDXXD-256G-GN4IN,"SanDisk Extreme Pro SDXC, SDXXD 256GB, V30, U3, C10, UHS-I, 200MB/s R, 140MB/s W, 4x6, Lifetime Limited"
SDSDXXD-512G-GN4IN,"SanDisk Extreme Pro SDXC, SDXXD 512GB, V30, U3, C10, UHS-I, 200MB/s R, 140MB/s W, 4x6, Lifetime Limited"
SDSDXXD-1T00-GN4IN,"SanDisk Extreme Pro SDXC, SDXXD 1TB, V30, U3, C10, UHS-I, 200MB/s R, 140MB/s W, 4x6, Lifetime Limited"
SDSDXDK-032G-GN4IN,"SanDisk Extreme Pro SDHC, SDXDK 32GB, V90, U3, C10, UHS-II, 300MB/s R, 260MB/s W, 4x6, Lifetime Limited"
SDSDXDK-064G-GN4IN,"SanDisk Extreme Pro SDXC, SDXDK 64GB, V90, U3, C10, UHS-II, 300MB/s R, 260MB/s W, 4x6, Lifetime Limited"
SDSDXDK-128G-GN4IN,"SanDisk Extreme Pro SDXC, SDXDK 128GB, V90, U3, C10, UHS-II, 300MB/s R, 260MB/s W, 4x6, Lifetime Limited"
SDSDXDK-256G-GN4IN,"SanDisk Extreme Pro SDXC, SDXDK 256GB, V90, U3, C10, UHS-II, 300MB/s R, 260MB/s W, 4x6, Lifetime Limited"
SDSDXDK-512G-GN4IN,"SanDisk Extreme Pro SDXC, SDXDK 512GB, V90, U3, C10, UHS-II, 300MB/s R, 260MB/s W, 4x6, Lifetime Limited"
SDCFXPS-032G-X46,"SanDisk Extreme Pro CF, CFXPS 32GB, VPG65, UDMA 7, 160MB/s R, 150MB/s W, 4x6, Lifetime Limited"
SDCFXPS-064G-X46,"SanDisk Extreme Pro CF, CFXPS 64GB, VPG65, UDMA 7, 160MB/s R, 150MB/s W, 4x6, Lifetime Limited"
SDCFXPS-128G-X46,"SanDisk Extreme Pro CF, CFXPS 128GB, VPG65, UDMA 7, 160MB/s R, 150MB/s W, 4x6, Lifetime Limited"
SDCFXPS-256G-X46,"SanDisk Extreme Pro CF, CFXPS 256GB, VPG65, UDMA 7, 160MB/s R, 140MB/s W, 4x6, Lifetime Limited"
SDCFXSB-032G-G46,"SanDisk Extreme CF, CFXSB 32GB, VPG20, UDMA 7, 120MB/s R, 85MB/s W, 4x6, Lifetime Limited"
SDCFXSB-064G-G46,"SanDisk Extreme CF, CFXSB 64GB, VPG20, UDMA 7, 120MB/s R, 85MB/s W, 4x6, Lifetime Limited"
SDCFXSB-128G-G46,"SanDisk Extreme CF, CFXSB 128GB, VPG20, UDMA 7, 120MB/s R, 85MB/s W, 4x6, Lifetime Limited"
SDCFE-064G-GN4NN,"SanDisk Extreme PRO® CFexpress™ Card Type B, SDCFE 64GB, 1500MB/s R, 800MB/s W, 4x6, Limited Lifetime"
SDCFE-128G-GN4NN,"SanDisk Extreme PRO® CFexpress™ Card Type B, SDCFE 128GB, 1700MB/s R, 1200MB/s W, 4x6, Limited Lifetime"
SDCFE-256G-GN4NN,"SanDisk Extreme PRO® CFexpress™ Card Type B, SDCFE 256GB, 1700MB/s R, 1200MB/s W, 4x6, Limited Lifetime"
SDCFE-512G-GN4NN,"SanDisk Extreme PRO® CFexpress™ Card Type B, SDCFE 512GB, 1700MB/s R, 1400MB/s W, 4x6, Limited Lifetime"
SDCZ50-008G-B35,"SanDisk Cruzer Blade USB Flash Drive, CZ50 8GB, USB2.0, Black with red accent, compact design, 5Y"
SDCZ50-016G-B35,"SanDisk Cruzer Blade USB Flash Drive, CZ50 16GB, USB2.0, Black with red accent, compact design, 5Y"
SDCZ50-032G-B35,"SanDisk Cruzer Blade USB Flash Drive, CZ50 32GB, USB2.0, Black with red accent, compact design, 5Y"
SDCZ50-064G-B35,"SanDisk Cruzer Blade USB Flash Drive, CZ50 64GB, USB2.0, Black with red accent, compact design, 5Y"
SDCZ50-128G-B35,"SanDisk Cruzer Blade USB Flash Drive, CZ50 128GB, USB2.0, Black with red accent, compact design, 5Y"
SDCZ50C-016G-B35BE,"SanDisk Cruzer Blade USB Flash Drive, CZ50 16GB, USB2.0, Electric Blue, compact design, 5Y"
SDCZ50C-016G-B35GE,"SanDisk Cruzer Blade USB Flash Drive, CZ50 16GB, USB2.0, Electric Green, compact design, 5Y"
SDCZ50C-016G-B35PE,"SanDisk Cruzer Blade USB Flash Drive, CZ50 16GB, USB2.0, Electric Pink, compact design, 5Y"
SDCZ50C-016G-B35W,"SanDisk Cruzer Blade USB Flash Drive, CZ50 16GB, USB2.0, White, compact design, 5Y"
SDCZ60-032G-B35,"SanDisk Cruzer Glide USB Flash Drive, CZ60 32GB, USB2.0, Black, retractable design, 5Y"
SDCZ60-064G-B35,"SanDisk Cruzer Glide USB Flash Drive, CZ60 64GB, USB2.0, Black, retractable design, 5Y"
SDCZ60-128G-B35,"SanDisk Cruzer Glide USB Flash Drive, CZ60 128GB, USB2.0, Black, retractable design, 5Y"
SDCZ600-016G-G35,"SanDisk Cruzer Glide 3.0 USB Flash Drive, CZ600 16GB, USB3.0, Black with red slider, retractable design, 5Y"
SDCZ600-032G-G35,"SanDisk Cruzer Glide 3.0 USB Flash Drive, CZ600 32GB, USB3.0, Black with red slider, retractable design, 5Y"
SDCZ600-064G-G35,"SanDisk Cruzer Glide 3.0 USB Flash Drive, CZ600 64GB, USB3.0, Black with red slider, retractable design, 5Y"
SDCZ600-128G-G35,"SanDisk Cruzer Glide 3.0 USB Flash Drive, CZ600 128GB, USB3.0, Black with red slider, retractable design, 5Y"
SDCZ600-256G-G35,"SanDisk Cruzer Glide 3.0 USB Flash Drive, CZ600 256GB, USB3.0, Black with red slider, retractable design, 5Y"
SDCZ430-016G-G46,"SanDisk Ultra Fit USB Flash Drive, CZ430 16GB, USB3.2 Gen 1, Black, Plug & Stay, 5Y"
SDCZ430-032G-G46,"SanDisk Ultra Fit USB Flash Drive, CZ430 32GB, USB3.2 Gen 1, Black, Plug & Stay, 5Y"
SDCZ430-064G-G46,"SanDisk Ultra Fit USB Flash Drive, CZ430 64GB, USB3.2 Gen 1, Black, Plug & Stay, 5Y"
SDCZ430-128G-G46,"SanDisk Ultra Fit USB Flash Drive, CZ430 128GB, USB3.2 Gen 1, Black, Plug & Stay, 5Y"
SDCZ430-256G-G46,"SanDisk Ultra Fit USB Flash Drive, CZ430 256GB, USB3.2 Gen 1, Black, Plug & Stay, 5Y"
SDCZ430-512G-G46,"SanDisk Ultra Fit USB Flash Drive, CZ430 512GB, USB3.2 Gen 1, Black, Plug & Stay, 5Y"
SDCZ48-016G-U46,"SanDisk Ultra USB 3.0 Flash Drive, CZ48 16GB, USB3.0, Black, stylish sleek design, 5Y"
SDCZ48-032G-U46,"SanDisk Ultra USB 3.0 Flash Drive, CZ48 32GB, USB3.0, Black, stylish sleek design, 5Y"
SDCZ48-064G-U46,"SanDisk Ultra USB 3.0 Flash Drive, CZ48 64GB, USB3.0, Black, stylish sleek design, 5Y"
SDCZ48-128G-U46,"SanDisk Ultra USB 3.0 Flash Drive, CZ48 128GB, USB3.0, Black, stylish sleek design, 5Y"
SDCZ48-256G-U46,"SanDisk Ultra USB 3.0 Flash Drive, CZ48 256GB, USB3.0, Black, stylish sleek design, 5Y"
SDCZ48-512G-G46,"SanDisk Ultra USB 3.0 Flash Drive, CZ48 512GB, USB3.0, Black, stylish sleek design, 5Y"
SDCZ73-016G-G46,"SanDisk Ultra Flair USB 3.0 Flash Drive, CZ73 16GB, USB3.0, Fashionable Metal Casing, 5Y"
SDCZ73-032G-G46,"SanDisk Ultra Flair USB 3.0 Flash Drive, CZ73 32GB, USB3.0, Fashionable Metal Casing, 5Y"
SDCZ73-064G-G46,"SanDisk Ultra Flair USB 3.0 Flash Drive, CZ73 64GB, USB3.0, Fashionable Metal Casing, 5Y"
SDCZ73-128G-G46,"SanDisk Ultra Flair USB 3.0 Flash Drive, CZ73 128GB, USB3.0, Fashionable Metal Casing, 5Y"
SDCZ73-256G-G46,"SanDisk Ultra Flair USB 3.0 Flash Drive, CZ73 256GB, USB3.0, Fashionable Metal Casing, 5Y"
SDCZ73-512G-G46,"SanDisk Ultra Flair USB 3.0 Flash Drive, CZ73 512GB, USB3.0, Fashionable Metal Casing, 5Y"
SDCZ74-032G-G46,"SanDisk Ultra Luxe™ USB 3.2 Gen 1, Flash Drive, CZ74 32GB, USB3.2 Gen 1, Full cast metal, 5Y"
SDCZ74-064G-G46,"SanDisk Ultra Luxe™ USB 3.2 Gen 1, Flash Drive, CZ74 64GB, USB3.2 Gen 1, Full cast metal, 5Y"
SDCZ74-128G-G46,"SanDisk Ultra Luxe™ USB 3.2 Gen 1, Flash Drive, CZ74 128GB, USB3.2 Gen 1, Full cast metal, 5Y"
SDCZ74-256G-G46,"SanDisk Ultra Luxe™ USB 3.2 Gen 1, Flash Drive, CZ74 256GB, USB3.2 Gen 1, Full cast metal, 5Y"
SDCZ74-512G-G46,"SanDisk Ultra Luxe™ USB 3.2 Gen 1, Flash Drive, CZ74 512GB, USB3.2 Gen 1, Full cast metal, 5Y"
SDCZ96-064G-G46,"SanDisk Ultra Eco USB 3.2 Gen 1 Flash Drive, CZ96 64GB, USB3.2, Green, 5 Y"
SDCZ96-128G-G46,"SanDisk Ultra Eco USB 3.2 Gen 1 Flash Drive, CZ96 128GB, USB3.2, Green, 5 Y"
SDCZ96-256G-G46,"SanDisk Ultra Eco USB 3.2 Gen 1 Flash Drive, CZ96 256GB, USB3.2, Green, 5 Y"
SDCZ96-512G-G46,"SanDisk Ultra Eco USB 3.2 Gen 1 Flash Drive, CZ96 512GB, USB3.2, Green, 5 Y"
SDCZ480-064G-G46,"SanDisk Ultra® Slider USB Type-C™ Drive, USB3.2 Gen1, Type C, CZ480, 64GB, Black, Retractable Design, 5Y"
SDCZ480-128G-G46,"SanDisk Ultra® Slider USB Type-C™ Drive, USB3.2 Gen1, Type C, CZ480, 128GB, Black, Retractable Design, 5Y"
SDCZ480-256G-G46,"SanDisk Ultra® Slider USB Type-C™ Drive, USB3.2 Gen1, Type C, CZ480, 256GB, Black, Retractable Design, 5Y"
SDCZ75-064G-G46,"SanDisk Ultra® Luxe USB Type-C™ Drive, USB3.2 Gen1, Type C, CZ75 64GB, Metal, 5 Y"
SDCZ75-128G-G46,"SanDisk Ultra® Luxe USB Type-C™ Drive, USB3.2 Gen1, Type C, CZ75 128GB, Metal, 5 Y"
SDCZ75-256G-G46,"SanDisk Ultra® Luxe USB Type-C™ Drive, USB3.2 Gen1, Type C, CZ75 256GB, Metal, 5 Y"
SDCZ810-064G-G46,"SanDisk Extreme GO USB 3.2 Flash Drive, CZ810 64GB, USB3.2, Metal, Lifetime Limited"
SDCZ810-128G-G46,"SanDisk Extreme GO USB 3.2 Flash Drive, CZ810 128GB, USB3.2, Metal, Lifetime Limited"
SDCZ810-256G-G46,"SanDisk Extreme GO USB 3.2 Flash Drive, CZ810 256GB, USB3.2, Metal, Lifetime Limited"
SDCZ880-128G-G46,"SanDisk Extreme Pro USB 3.2 Gen 1 Solid State Flash Drive, CZ880 128GB, USB3.2, Black, Sophisticated durable Aluminum Metal Casing, Lifetim"
SDCZ880-256G-G46,"SanDisk Extreme Pro USB 3.2 Gen 1 Solid State Flash Drive, CZ880 256GB, USB3.2, Black, Sophisticated durable Aluminum Metal Casing, Lifetim"
SDCZ880-512G-G46,"SanDisk Extreme Pro USB 3.2 Gen 1 Solid State Flash Drive, CZ880 512GB, USB3.2, Black, Sophisticated durable Aluminum Metal Casing, Lifetim"
SDCZ880-1T00-G46,"SanDisk Extreme Pro USB 3.2 Gen 1 Solid State Flash Drive, CZ880 1TB, USB3.2, Black, Sophisticated durable Aluminum Metal Casing, Lifetime"
SDDDC2-032G-G46,"SanDisk Ultra Dual Drive USB Type C, SDDDC2 32GB, USB Type C, Black, USB3.1/Type C reversible connector, Retractable Design , Type-C enable"
SDDDC2-064G-G46,"SanDisk Ultra Dual Drive USB Type C, SDDDC2 64GB, USB Type C, Black, USB3.1/Type C reversible connector, Retractable Design , Type-C enable"
SDDDC2-128G-G46,"SanDisk Ultra Dual Drive USB Type C, SDDDC2 128GB, USB Type C, Black, USB3.1/Type C reversible connector, Retractable Design , Type-C enabl"
SDDDC2-256G-G46,"SanDisk Ultra Dual Drive USB Type C, SDDDC2 256GB, USB Type C, Black, USB3.1/Type C reversible connector, Retractable Design , Type-C enabl"
SDDDC3-032G-G46,"SanDisk Ultra® Dual Drive Go USB Type-C™ Flash Drive, SDDDC3 32GB, USB3.2 Gen 1 Type C / Type A, Swivel Design, Black, 5Y"
SDDDC3-064G-G46,"SanDisk Ultra® Dual Drive Go USB Type-C™ Flash Drive, SDDDC3 64GB, USB3.2 Gen 1 Type C / Type A, Swivel Design, Black, 5Y"
SDDDC3-064G-G46G,"SanDisk Ultra® Dual Drive Go USB Type-C™ Flash Drive, SDDDC3 64GB, USB Type C, Green, USB3.1/Type C reversible connector, Swivel Design, Ty"
SDDDC3-064G-G46NB,"SanDisk Ultra® Dual Drive Go USB Type-C™ Flash Drive, SDDDC3 64GB, USB Type C, Navy Blue, USB3.1/Type C reversible connector, Swivel Design"
SDDDC3-064G-G46PC,"SanDisk Ultra® Dual Drive Go USB Type-C™ Flash Drive, SDDDC3 64GB, USB Type C, Peach, USB3.1/Type C reversible connector, Swivel Design, Ty"
SDDDC3-128G-G46,"SanDisk Ultra® Dual Drive Go USB Type-C™ Flash Drive, SDDDC3 128GB, USB3.2 Gen 1 Type C / Type A, Swivel Design, Black, 5Y"
SDDDC3-128G-G46G,"SanDisk Ultra® Dual Drive Go USB Type-C™ Flash Drive, SDDDC3 128GB, USB Type C, Green, USB3.1/Type C reversible connector, Swivel Design, T"
SDDDC3-128G-G46NB,"SanDisk Ultra® Dual Drive Go USB Type-C™ Flash Drive, SDDDC3 128GB, USB Type C, Navy Blue, USB3.1/Type C reversible connector, Swivel Desig"
SDDDC3-128G-G46PC,"SanDisk Ultra® Dual Drive Go USB Type-C™ Flash Drive, SDDDC3 128GB, USB Type C, Peach, USB3.1/Type C reversible connector, Swivel Design, T"
SDDDC3-256G-G46,"SanDisk Ultra® Dual Drive Go USB Type-C™ Flash Drive, SDDDC3 256GB, USB3.2 Gen 1 Type C / Type A, Swivel Design, Black, 5Y"
SDDDC3-256G-G46G,"SanDisk Ultra® Dual Drive Go USB Type-C™ Flash Drive, SDDDC3 256GB, USB Type C, Green, USB3.1/Type C reversible connector, Swivel Design, T"
SDDDC3-256G-G46NB,"SanDisk Ultra® Dual Drive Go USB Type-C™ Flash Drive, SDDDC3 256GB, USB Type C, Navy Blue, USB3.1/Type C reversible connector, Swivel Desig"
SDDDC3-256G-G46PC,"SanDisk Ultra® Dual Drive Go USB Type-C™ Flash Drive, SDDDC3 256GB, USB Type C, Peach, USB3.1/Type C reversible connector, Swivel Design, T"
SDDDC3-512G-G46,"SanDisk Ultra® Dual Drive Go USB Type-C™ Flash Drive, SDDDC3 512GB, USB3.2 Gen 1 Type C / Type A, Swivel Design, Black, 5Y"
SDDDC4-032G-G46,"SanDisk Ultra® Dual Drive Luxe USB Type-C Flash Drive, SDDDC4 32GB, USB3.2 Gen1 Type C / Type A, Metal, Swivel Design, 5Y"
SDDDC4-064G-G46,"SanDisk Ultra® Dual Drive Luxe USB Type-C Flash Drive, SDDDC4 64GB, USB3.2 Gen1 Type C / Type A, Metal, Swivel Design, 5Y"
SDDDC4-128G-G46,"SanDisk Ultra® Dual Drive Luxe USB Type-C Flash Drive, SDDDC4 128GB, USB3.2 Gen1 Type C / Type A, Metal, Swivel Design, 5Y"
SDDDC4-256G-G46,"SanDisk Ultra® Dual Drive Luxe USB Type-C Flash Drive, SDDDC4 256GB, USB3.2 Gen1 Type C / Type A, Metal, Swivel Design, 5Y"
SDDDC4-512G-G46,"SanDisk Ultra® Dual Drive Luxe USB Type-C Flash Drive, SDDDC4 512GB, USB3.2 Gen1 Type C / Type A, Metal, Swivel Design, 5Y"
SDDDC4-1T00-G46,"SanDisk Ultra® Dual Drive Luxe USB Type-C Flash Drive, SDDDC4 1TB, USB3.2 Gen1 Type C / Type A, Metal, Swivel Design, 5Y"
SDSSDA-240G-G26,"SanDisk PLUS Solid State Drive, SDSSDA-240G, 240GB, SR530/SW440MB/s, 3Y"
SDSSDA-480G-G26,"SanDisk PLUS Solid State Drive, SDSSDA-480G, 480GB, SR535/SW445MB/s, 3Y"
SDSSDA-1T00-G27,"SanDisk PLUS Solid State Drive, SDSSDA-1T00, 1TB, SR535/SW350MB/s, 3Y"
SDSSDA-2T00-G26,"SanDisk PLUS Solid State Drive, SDSSDA-2T00, 2TB, SR545/SW450MB/s, 3Y"
SDSSDH3-500G-G26,"SanDisk Ultra 3D SSD, SDSSDH3-500G, 500GB, SR560/SW510MB/s, 5Y"
SDSSDH3-1T00-G25,"SanDisk Ultra 3D SSD 1TB, SR560/SW530MB/s"
SDSSDH3-2T00-G25,"SanDisk Ultra 3D SSD 2TB, SR560/SW530MB/s"
SDSSDH3-4T00-G25,"SanDisk Ultra 3D SSD 4TB, SR560/SW530MB/s"
SDSSDE30-480G-G25,"SanDisk Portable SSD, SDSSDE30 480GB, USB 3.2 Gen 2, Type C to A cable, Read speed up to 520MB/s, 2m drop protection, 3-year warranty"
SDSSDE30-1T00-G26,"SanDisk Portable SSD, SDSSDE30 1TB, USB 3.2 Gen 2, Type C to A cable, Read speed up to 800MB/s, 2m drop protection, 3-year warranty"
SDSSDE30-2T00-G26,"SanDisk Portable SSD, SDSSDE30 2TB, USB 3.2 Gen 2, Type C to A cable, Read speed up to 800MB/s, 2m drop protection, 3-year warranty"
SDSSDE61-500G-G25,"SanDisk Extreme Portable SSD, SDSSDE61 500GB, USB 3.2 Gen 2, Type C & Type A compatible, Read speed up to 1050MB/s, Write speed up to 1000M"
SDSSDE61-1T00-G25,"SanDisk Extreme Portable SSD, SDSSDE61 1TB, USB 3.2 Gen 2, Type C & Type A compatible, Read speed up to 1050MB/s, Write speed up to 1000MB/"
SDSSDE61-2T00-G25,"SanDisk Extreme Portable SSD, SDSSDE61 2TB, USB 3.2 Gen 2, Type C & Type A compatible, Read speed up to 1050MB/s, Write speed up to 1000MB/"
SDSSDE61-4T00-G25,"SanDisk Extreme Portable SSD, SDSSDE61 4TB, USB 3.2 Gen 2, Type C & Type A compatible, Read speed up to 1050MB/s, Write speed up to 1000MB/"
SDSSDE61-1T00-G25B,"SanDisk Extreme Portable SSD, SDSSDE61 1TB, Sky-Blue color, USB 3.2 Gen 2, Type C & Type A compatible, Read speed up to 1050MB/s, Write spe"
SDSSDE61-2T00-G25B,"SanDisk Extreme Portable SSD, SDSSDE61 2TB, Sky-Blue color, USB 3.2 Gen 2, Type C & Type A compatible, Read speed up to 1050MB/s, Write spe"
SDSSDE61-4T00-G25B,"SanDisk Extreme Portable SSD, SDSSDE61 4TB, Sky-Blue color, USB 3.2 Gen 2, Type C & Type A compatible, Read speed up to 1050MB/s, Write spe"
SDSSDE61-1T00-G25M,"SanDisk Extreme Portable SSD, SDSSDE61 1TB, Monterey color, USB 3.2 Gen 2, Type C & Type A compatible, Read speed up to 1050MB/s, Write spe"
SDSSDE61-2T00-G25M,"SanDisk Extreme Portable SSD, SDSSDE61 2TB, Monterey color, USB 3.2 Gen 2, Type C & Type A compatible, Read speed up to 1050MB/s, Write spe"
SDSSDE61-4T00-G25M,"SanDisk Extreme Portable SSD, SDSSDE61 4TB, Monterey color, USB 3.2 Gen 2, Type C & Type A compatible, Read speed up to 1050MB/s, Write spe"
SDSSDE81-1T00-G25,"SanDisk Extreme Pro Portable SSD, SDSSDE81 1TB, USB 3.2 Gen 2x2, Type C & Type A compatible, Read speed up to 2000MB/s, Write speed up to 1"
SDSSDE81-2T00-G25,"SanDisk Extreme Pro Portable SSD, SDSSDE81 2TB, USB 3.2 Gen 2x2, Type C & Type A compatible, Read speed up to 2000MB/s, Write speed up to 1"
SDSSDE81-4T00-G25,"SanDisk Extreme Pro Portable SSD, SDSSDE81 4TB, USB 3.2 Gen 2x2, Type C & Type A compatible, Read speed up to 2000MB/s, Write speed up to 1"
SDIX60N-064G-GN6NN,"SanDisk iXpand Flash Drive Go, SDIX60N 64GB, Black, iOS, USB 3.0, 2Y"
SDIX60N-128G-GN6NE,"SanDisk iXpand Flash Drive Go, SDIX60N 128GB, Black, iOS, USB 3.0, 2Y"
SDIX60N-256G-GN6NE,"SanDisk iXpand Flash Drive Go, SDIX60N 256GB, Black, iOS, USB 3.0, 2Y"
SDIX70N-064G-GN6NN,"SanDisk iXpand Flash Drive Luxe, SDIX70N 64GB, Black, iOS/Android, Lightning and Type C USB3.1, 2Y"
SDIX70N-128G-GN6NE,"SanDisk iXpand Flash Drive Luxe, SDIX70N 128GB, Black, iOS/Android, Lightning and Type C USB3.1, 2Y"
SDIX70N-256G-GN6NE,"SanDisk iXpand Flash Drive Luxe, SDIX70N 256GB, Black, iOS/Android, Lightning and Type C USB3.1, 2Y"
SDIX90N-032G-GN6NN,"SanDisk iXpand Flash Drive Flip, SDIX90N 032GB, Black, iOS, USB 3.0, 2Y"
SDIX90N-064G-GN6NN,"SanDisk iXpand Flash Drive Flip, SDIX90N 064GB, Black, iOS, USB 3.0, 2Y"
SDIX90N-064G-GN6NK,"SanDisk iXpand Flash Drive Flip, SDIX90N 064GB, Mint Green, iOS, USB 3.0, 2Y"
SDIX90N-128G-GN6NE,"SanDisk iXpand Flash Drive Flip, SDIX90N 128GB, Black, iOS, USB 3.0, 2Y"
SDIX90N-128G-GN6NJ,"SanDisk iXpand Flash Drive Flip, SDIX90N 128GB, Mint Green, iOS, USB 3.0, 2Y"
SDIX90N-256G-GN6NE,"SanDisk iXpand Flash Drive Flip, SDIX90N 256GB, Black, iOS, USB 3.0, 2Y"
SDDR-409-G46,"SanDisk Extreme PRO SD UHS-II USB-C Reader/Writer, 2Y"
SDDR-A631-GNGNN,SanDisk® ImageMate® PRO USB-C™ Reader/Writer
SDDR-B531-GN6NN,"SanDisk MobileMate USB 3.0 microSD card Reader/Writer, 2Y"
SDCFE-128G-GN4NN,
SDCFE-064G-GN4NN,
SDCFXSB-128G-G46,
SDCFXSB-064G-G46,
SDCFXSB-032G-G46,
SDCFXPS-256G-X46,
SDCFXPS-128G-X46,
SDCFXPS-064G-X46,
SDCFXPS-032G-X46,
SDSDXPK-128G-GN4IN,
SDSDXPK-064G-GN4IN,
SDSDXPK-032G-GN4IN,
SDSDXXG-032G-GN4IN,
SDSDXV5-256G-GNCIN,
SDSDXV5-128G-GNCIN,
SDSDXV6-064G-GNCIN,
SDSDXVE-032G-GNCIN,
SDSDUNR-256G-GN6IN,
SDSDUNR-128G-GN3IN,
SDSDUNR-064G-GN3IN,
SDSDUNR-032G-GN3IN,
SDSDUNS-016G-GN3IN,
SDSDUNC-016G-GN6IN,
SDSQXCZ-1T00-GN6MA,
SDSQXCZ-512G-GN6MA,
SDSQXCZ-400G-GN6MA,
SDSQXCZ-256G-GN6MA,
SDSQXCY-128G-GN6MA,
SDSQXCY-064G-GN6MA,
SDSQXCG-032G-GN6MA,
SDSQXAO-128G-GN6ZY,
SDSQXAO-256G-GNCZN,
SDSQXAO-128G-GNCZN,
SDSQXAT-064G-GNCZN,
SDSQXA1-128G-GN6AA,
SDSQXA2-064G-GN6AA,
SDSQXA1-256G-GN6GN,
SDSQXA1-128G-GN6GN,
SDSQXA2-064G-GN6GN,
SDSQXA1-1T00-GN6MN,
SDSQXA1-512G-GN6MN,
SDSQXA1-400G-GN6MN,
SDSQXA1-256G-GN6MN,
SDSQXA1-128G-GN6MN,
SDSQXA2-064G-GN6MN,
SDSQXAF-032G-GN6MN,
SDSQUA4-512G-GN6MN,
SDSQUA4-400G-GN6MN,
SDSQUA4-256G-GN6MN,
SDSQUAB-128G-GN6MN,
SDSQUA4-064G-GN6MN,
SDSQUA4-032G-GN6MN,
SDSQUAR-016G-GN6MN,
SDSQUNR-128G-GN3MN,
SDSQUNR-064G-GN3MN,
SDSQUNR-032G-GN3MN,
SDSQQVR-256G-GN6IA,
SDSQQVR-128G-GN6IA,
SDSQQVR-064G-GN6IA,
SDSQQNR-256G-GN6IA,
SDSQQNR-128G-GN6IA,
SDSQQNR-064G-GN6IA,
SDSQQNR-032G-GN6IA,
SDSDQM-032G-B35,
SDSDQM-016G-B35,
SDSDQM-008G-B35,
