Item Code,Selling
SDSDQM-032G-B35,$5.00
SDSQQNR-032G-GN6IA,$9.50
SDSQQNR-064G-GN6IA,$9.80
SDSQQNR-128G-GN6IA,$17.10
SDSQQNR-256G-GN6IA,$31.70
SDSQQNR-512G-GN6IA,$63.40
SDSQQVR-064G-GN6IA,$19.30
SDSQQVR-128G-GN6IA,$31.40
SDSQQVR-256G-GN6IA,$58.30
SDSQUNR-032G-GN3MN,$5.30
SDSQUNR-064G-GN3MN,$6.70
SDSQUNR-128G-GN3MN,$12.30
SDSQUNR-256G-GN3MN,$21.60
SDSQUNR-512G-GN3MN,$43.00
SDSQUA4-400G-GN6MN,$46.90
SDSQUA4-032G-GN6MN,$6.20
SDSQUAB-064G-GN6MN,$7.50
SDSQUAB-128G-GN6MN,$13.50
SDSQUAC-256G-GN6MN,$25.00
SDSQUAC-512G-GN6MN,$49.60
SDSQUAC-1T00-GN6MN,$123.80
SDSQXAF-032G-GN6MN,$9.00
SDSQXA1-400G-GN6MN,$72.30
SDSQXA1-1T00-GN6MN,$237.30
SDSQXAH-064G-GN6MN,$9.40
SDSQXAA-128G-GN6MN,$17.10
SDSQXAV-256G-GN6MN,$30.40
SDSQXAV-512G-GN6MN,$60.50
SDSQXAV-1T00-GN6MN,$138.30
SDSQXAH-064G-GN6GN,$9.40
SDSQXAA-128G-GN6GN,$17.10
SDSQXAV-256G-GN6GN,$30.40
SDSQXAH-064G-GN6AA,$17.30
SDSQXAA-128G-GN6AA,$32.00
SDSQXA1-128G-GN6AA,$29.00
SDSQXAO-064G-GN3ZN,$11.10
SDSQXAO-128G-GN3ZN,$20.60
SDSQXAO-256G-GN3ZN,$37.60
SDSQXAO-512G-GN3ZN,$75.00
SDSQXAO-128G-GN3ZY,$21.70
SDSQXCG-032G-GN6MA,$12.70
SDSQXCU-064G-GN6MA,$13.00
SDSQXCD-128G-GN6MA,$23.00
SDSQXCD-256G-GN6MA,$40.40
SDSQXCD-512G-GN6MA,$79.60
SDSQXCD-1T00-GN6MA,$180.60
SDSDUNR-032G-GN3IN,$6.20
SDSDUNR-064G-GN3IN,$8.60
SDSDUNR-128G-GN3IN,$15.20
SDSDUNR-256G-GN3IN,$28.70
SDSDXV5-256G-GNCIN,$46.30
SDSDXVT-032G-GNCIN,$9.40
SDSDXV2-064G-GNCIN,$12.20
SDSDXVA-128G-GNCIN,$22.20
SDSDXVV-256G-GNCIN,$44.30
SDSDXXY-512G-GN4IN,$171.60
SDSDXXO-032G-GN4IN,$13.00
SDSDXXU-064G-GN4IN,$17.20
SDSDXXD-128G-GN4IN,$31.10
SDSDXXD-256G-GN4IN,$61.80
SDSDXXD-512G-GN4IN,$123.30
SDSDXXD-1T00-GN4IN,$284.20
SDSDXDK-032G-GN4IN,$59.20
SDSDXDK-064G-GN4IN,$116.50
SDSDXDK-128G-GN4IN,$211.80
SDSDXDK-256G-GN4IN,$387.00
SDSDXDK-512G-GN4IN,$862.20
SDCFXPS-032G-X46,$55.10
SDCFXPS-064G-X46,$82.90
SDCFXPS-128G-X46,$134.60
SDCFXPS-256G-X46,$237.20
SDCFXSB-032G-G46,$41.90
SDCFXSB-064G-G46,$58.70
SDCFXSB-128G-G46,$86.10
SDCFE-064G-GN4NN,$124.60
SDCFE-128G-GN4NN,$183.20
SDCFE-256G-GN4NN,$320.30
SDCFE-512G-GN4NN,$504.40
SDCZ50-008G-B35,$4.40
SDCZ50-016G-B35,$4.60
SDCZ50-032G-B35,$4.70
SDCZ50-064G-B35,$6.20
SDCZ50-128G-B35,$11.20
SDCZ50C-016G-B35BE,$4.60
SDCZ50C-016G-B35GE,$4.60
SDCZ50C-016G-B35PE,$4.60
SDCZ50C-016G-B35W,$4.60
SDCZ60-032G-B35,$5.10
SDCZ60-064G-B35,$6.40
SDCZ60-128G-B35,$11.60
SDCZ600-016G-G35,$5.20
SDCZ600-032G-G35,$5.50
SDCZ600-064G-G35,$6.80
SDCZ600-128G-G35,$12.00
SDCZ600-256G-G35,$23.70
SDCZ430-016G-G46,$6.60
SDCZ430-032G-G46,$6.80
SDCZ430-064G-G46,$8.10
SDCZ430-128G-G46,$13.20
SDCZ430-256G-G46,$26.10
SDCZ430-512G-G46,$51.90
SDCZ48-016G-U46,$5.50
SDCZ48-032G-U46,$5.70
SDCZ48-064G-U46,$7.20
SDCZ48-128G-U46,$12.50
SDCZ48-256G-U46,$24.90
SDCZ48-512G-G46,$49.50
SDCZ73-016G-G46,$5.90
SDCZ73-032G-G46,$6.20
SDCZ73-064G-G46,$7.50
SDCZ73-128G-G46,$13.20
SDCZ73-256G-G46,$26.10
SDCZ73-512G-G46,$51.90
SDCZ74-032G-G46,$7.90
SDCZ74-064G-G46,$9.00
SDCZ74-128G-G46,$14.60
SDCZ74-256G-G46,$27.50
SDCZ74-512G-G46,$53.40
SDCZ96-064G-G46,$8.60
SDCZ96-128G-G46,$13.80
SDCZ96-256G-G46,$25.50
SDCZ96-512G-G46,$49.00
SDCZ480-064G-G46,$9.20
SDCZ480-128G-G46,$15.50
SDCZ480-256G-G46,$29.00
SDCZ75-064G-G46,$10.00
SDCZ75-128G-G46,$16.60
SDCZ75-256G-G46,$30.90
SDCZ810-064G-G46,$22.70
SDCZ810-128G-G46,$37.60
SDCZ810-256G-G46,$65.80
SDCZ880-128G-G46,$49.10
SDCZ880-256G-G46,$79.80
SDCZ880-512G-G46,$143.30
SDCZ880-1T00-G46,$272.10
SDDDC2-032G-G46,$9.20
SDDDC2-064G-G46,$10.80
SDDDC2-128G-G46,$16.20
SDDDC2-256G-G46,$28.50
SDDDC3-032G-G46,$8.60
SDDDC3-064G-G46,$10.00
SDDDC3-064G-G46G,$10.00
SDDDC3-064G-G46NB,$10.00
SDDDC3-064G-G46PC,$10.00
SDDDC3-128G-G46,$15.40
SDDDC3-128G-G46G,$15.40
SDDDC3-128G-G46NB,$15.40
SDDDC3-128G-G46PC,$15.40
SDDDC3-256G-G46,$27.70
SDDDC3-256G-G46G,$27.70
SDDDC3-256G-G46NB,$27.70
SDDDC3-256G-G46PC,$27.70
SDDDC3-512G-G46,$52.40
SDDDC4-032G-G46,$10.90
SDDDC4-064G-G46,$12.20
SDDDC4-128G-G46,$17.60
SDDDC4-256G-G46,$29.90
SDDDC4-512G-G46,$59.60
SDDDC4-1T00-G46,$118.90
SDSSDA-240G-G26,$38.10
SDSSDA-480G-G26,$48.00
SDSSDA-1T00-G27,$95.40
SDSSDA-2T00-G26,$213.40
SDSSDH3-500G-G26,$65.80
SDSSDH3-1T00-G25,$111.50
SDSSDH3-2T00-G25,$230.80
SDSSDH3-4T00-G25,$509.10
SDSSDE30-480G-G25,$78.10
SDSSDE30-1T00-G26,$89.10
SDSSDE30-2T00-G26,$154.00
SDSSDE61-500G-G25,$100.10
SDSSDE61-1T00-G25,$119.90
SDSSDE61-2T00-G25,$191.40
SDSSDE61-4T00-G25,$398.20
SDSSDE61-1T00-G25B,$119.90
SDSSDE61-2T00-G25B,$191.40
SDSSDE61-4T00-G25B,$398.20
SDSSDE61-1T00-G25M,$119.90
SDSSDE61-2T00-G25M,$191.40
SDSSDE61-4T00-G25M,$398.20
SDSSDE81-1T00-G25,$159.50
SDSSDE81-2T00-G25,$247.50
SDSSDE81-4T00-G25,$493.90
SDIX60N-064G-GN6NN,$39.60
SDIX60N-128G-GN6NE,$53.40
SDIX60N-256G-GN6NE,$81.30
SDIX70N-064G-GN6NN,$44.70
SDIX70N-128G-GN6NE,$59.00
SDIX70N-256G-GN6NE,$85.50
SDIX90N-032G-GN6NN,$27.00
SDIX90N-064G-GN6NN,$28.60
SDIX90N-064G-GN6NK,$28.60
SDIX90N-128G-GN6NE,$40.20
SDIX90N-128G-GN6NJ,$40.20
SDIX90N-256G-GN6NE,$65.90
SDDR-409-G46,$25.90
SDDR-A631-GNGNN,$34.30
SDDR-B531-GN6NN,$9.70
